,FCBH/DBS,ISO,Language,Year,description,exist_API,verses
1,AAUWBT,aau,Abau,2006,Abau NT,True,7947
2,ACRWBT,acr,Rabinal Achí,2009,Achi Rabinal NT (new orthography),True,7958
4,ACCIBS,acr,Rabinal Achí,2009,New Testament in Achi,True,0
5,ACUTBL,acu,Achuar-Shiwiar,2008,Achuar-shiwiar Bible,True,7934
10,AGUNVS,agu,Aguacateco,2011,Aguacateco Bible,True,0
12,AGNWPS,agn,Agutaynen,2004,Agutaynen NT,True,0
15,AKEBSS,ake,Akawaio,2010,Akawaio NT,True,7958
16,BSSWBT,bss,Akoose,2011,Akoose NT,True,7942
19,GAHPNG,gah,Alekano,"1973, 1986",Alekano Bible,True,7941
21,ALPWBT,alp,Alune,2012,Alune NT,True,7912
27,AMKWBT,amk,Ambai,2010,Ambai NT,True,7954
32,AZGTBL,azg,San Pedro Amuzgos Amuzgo,1992,San Pedro Amuzgos NT,True,7957
33,ABYWBT,aby,Aneme Wake,1988,Aneme Wake NT,True,7855
35,AKHBSP,akh,Angal Heneng,1978,Angal Heneg NT,True,7931
36,AGGPNG,agg,Angor,2001,Angor NT,True,0
38,BOJWBT,boj,Anjam,2014,Anjam NT 2014,True,0
39,AAKWBT,aak,Ankave,1990,Minaifia NT,True,7953
48,APRWBT,apr,Arop-Lukep,2013,Arop-Lokep,True,0
50,MSYPNG,msy,Aruamu,2004,Aruamu NT,True,7729
51,CNIWBT,cni,Asháninka,2008,Asháninka NT,True,7775
52,CJOWBT,cjo,Ashéninka Pajonal,2008,Ashéninka Pajonal NT,True,7931
53,CPUWBT,cpu,Pichis Ashéninka,2008,Pichis Ashéninka NT,True,0
55,CPBWBT,cpb,Ucayali-Yurúa Ashéninka,2000,Ucayali-yurúa Ashéninka NT,True,0
59,AVTWBT,avt,Au,1992,Au NT,True,7955
60,AWBTBL,awb,Awa,"1974, 1997",Awa NT,True,7958
61,KWIWBT,kwi,Awa-Cuaiquer,2002,Awa-Cuaiquer NT,True,7917
72,BLZLAI,blz,Balantak,2010,Balantak NT,True,7958
73,PTULAI,ptu,Bambam,2004,Bambam Bible,True,7876
75,BSNTBL,bsn,Barasana,2010,Barasana-Eduria NT,True,0
76,MLPTBL,mlp,Bargam,2001,Bargam NT,True,7772
80,BELJFC,bel,Belarusan,2016,Belarusan NT+,True,7957
82,BEFWBT,bef,Benabena,1982,Benabena NT,True,7959
85,BHLPNG,bhl,Bimin,2008,Bimin NT,True,7931
87,BONPNG,bon,Bine,1993,Bine NT,True,7955
88,BKDWBT,bkd,Binukid,1986,Binukid NT,True,0
89,BJRWBT,bjr,Binumarien,"1983, 2001",Binumarien Bible,True,7818
94,BQCSIM,bqc,Boko,2010,Boko (Benin) Bible,True,31073
95,BUSSIM,bus,Bokobaru,2005,Bokobaru Bible,True,7957
96,BNPWBT,bnp,Bola,2011,Bola Bible,True,7943
100,BOATBL,boa,Bora,2008,Bora NT,True,0
101,GAIPBT,gai,Borei,2016,New Testament in Mborena Kam language,True,0
102,KSRPNG,ksr,Borong,"2002, 2011",Borong NT + OT portions,True,7957
104,BOXWYI,box,Buamu,2012,Buamu NT,True,7944
105,BZHPNG,bzh,Mapos Buang,2003,Buang NT,True,7957
106,MMOWBT,mmo,Mangga Buang,1981,Mangga Buang NT,True,7958
108,SABWBT,sab,Buglere,2008,Buglere NT,True,7542
110,BUKLBT,buk,Bugawac,2000,Bukawa NT,True,7953
113,BQPSIM,bqp,Busa,2005,Bisa Bible,True,7955
118,KBHWBT,kbh,Camsá,2009,Camsá NT,True,0
121,COTTBL,cot,Caquinte,2008,Caquinte NT,True,7919
122,CBCWBT,cbc,Carapana,2012,Carapana NT,True,0
128,CMEWBT,cme,Cerma,2011,Cerma NT,True,7958
136,ZYPWBT,zyp,Zyphe,2010,Zyphe Chin NT,True,7954
137,CCOTBL,cco,Comaltepec Chinantec,2002,Comaltepec Chinantec NT,True,0
138,CNLTBL,cnl,Lalana Chinantec,2012,Lalana Chinantec NT,True,7948
139,CLETBL,cle,Lealao Chinantec,2008,Lealao Chinantec NT,True,7959
140,CHZWBT,chz,Ozumacín Chinantec,2003,Ozumacín Chinantec NT,True,7958
141,CPATBL,cpa,Palantla Chinantec,1973,Palantla Chinantec NT,True,0
143,CSOTBL,cso,Sochiapan Chinantec,1986,Sochiapam Chinantec NT,True,7957
144,CNTTBL,cnt,Tepetotutla Chinantec,1994,Tepetotutla Chinantec NT,True,7948
145,CUCTBL,cuc,Usila Chinantec,1983,Usila Chinantec NT,True,7956
146,CAPSBB,cap,Chipaya,2009,Chipaya NT,True,7958
147,CAXSBB,cax,Chiquitano,2012,Chiquitano NT,True,7956
152,CHFTBL,chf,Tabasco Chontal,1977,Tabasco Chontal NT,True,0
153,CAAWBT,caa,Chortí,"1996, 2012, 2013",Chorti Bible,True,7956
154,CJVTBL,cjv,Chuave,1992,Chuave NT,True,7942
156,NCUWBT,ncu,Chumburung,2010,Chumburung NT,True,7686
158,CONWBT,con,Cofán,2012,Cofán Bible,True,7898
159,COFWBT,cof,Colorado,2012,Colorado NT,True,7878
160,CRNWBT,crn,El Nayar Cora,2008,El Nayar Presidio De Los Reyes Cora NT,True,7955
161,CUBWBT,cub,Cubeo,2009,Cubeo NT,True,7953
162,CUIWBT,cui,Cuiba,2010,Cuiba NT,True,0
168,DGZWBT,dgz,Daga,"1974, 2004",Daga Bible,True,7941
169,DAAWYI,daa,Dangaléat,2012,Dangaléat NT,True,7955
170,ASOTBL,aso,Dano,1989,Dano NT,True,7911
173,DWRTBL,dwr,Dawro,2011,Dawro NT (Latin script),True,7804
174,DEDWBT,ded,Dedua,2005,Dedua NT+Psalms,True,0
176,ANVWBT,anv,Denya,2010,Denya NT,True,7944
183,KJSWBT,kjs,East Kewa,2004,East Kewa NT,True,0
184,DJKWBT,djk,Aukan,2009,Eastern Maroon Creole NT,True,7877
186,EMPWYI,emp,Northern Emberá,2011,Northern Emberá NT,True,7752
188,ENQPNG,enq,Enga,1988,Enga NT,True,7936
197,FAIPNG,fai,Faiwol,1995,Faiwol NT,True,0
199,FAAWBT,faa,Fasu,2011,Fasu NT,True,7944
200,FARWBT,far,Fataleka,2017,Fataleka New Testament,True,7951
202,PPOWBT,ppo,Folopa,2005,Folopa NT,True,7916
204,FUESIM,fue,Borgu Fulfulde,2011,Fulfulde Borgu NT,True,7958
206,FUHSIM,fuh,Western Niger Fulfulde,2012,Fulfulde Burkina NT,True,0
207,GMVTBL,gmv,Gamo,2011,Gamo NT,True,7842
210,CABNVS,cab,Garifuna,2012,Garifuna NT,True,7947
211,NLGWBT,nlg,Gela,2015,Gela Bible,True,0
214,BBRWBT,bbr,Girawa,1994,Girawa NT,True,7923
215,GO1TBL,gof,Gofa,2011,Gofa NT (Ethiopic script),True,7958
216,GOFTBL,gof,Gofa,2011,Gofa NT (Latin script),True,7958
217,GVFWBT,gvf,Golin,1980,Golin NT,True,7952
218,GUHWBT,guh,Guahibo,2011,Guahibo NT,True,7884
219,GUBWBT,gub,Guajajára,2007,Guajajára Bible,True,30187
220,GUMTBL,gum,Guambiano,2010,Guambiano NT,True,7957
222,GUISBU,gui,Eastern Bolivian Guaraní,2012,Eastern Bolivian Guaraní NT,True,7914
223,GUNWBT,gun,Mbyá Guaraní,2004,Mbyá Guaraní NT,True,7957
226,GUOWBT,guo,Guayabero,2009,Guayabero NT,True,7800
229,DAHPNG,dah,Gwahatike,2000,Gwahatike NT,True,0
230,GWIWBT,gwi,Gwich'in,2010,Gwich'in NT,True,0
231,HLAPNG,hla,Halia,1978,Halia NT,True,7949
232,AMFSIM,amf,Hamer-Banna,2014,Banna NT,True,7954
233,WOSWBT,wos,Hanga Hundi,1997,Hanga Hundi Bible,True,7958
239,HNSWBT,hns,Caribbean Hindustani,2010,Caribbean Hindustani NT,True,7832
242,HUBWBT,hub,Huambisa,2010,Huambisa NT,True,7744
245,HUVTBL,huv,San Mateo del Mar Huave,2009,San Mateo Del Mar Huave NT,True,7958
247,HTOWBT,hto,Minica Huitoto,2011,Minica Huitoto NT,True,7956
249,HUIPNG,hui,Huli,"1983, 1991, 2002",Huli Bible,True,34855
250,YMLTBL,yml,Iamalele,"1984, 1988",Iamalele NT,True,7917
252,VIVWBT,viv,Iduna,"1983, 2003",Iduna NT,True,7934
253,IGNSBB,ign,Ignaciano,2012,Ignaciano NT,True,7957
256,IMOTBL,imo,Imbongu,1997,Imbo Ungu NT,True,7938
258,INBWBT,inb,Inga,2009,Inga NT,True,7940
259,INOTBL,ino,Inoke-Yate,1992,Inoke-Yate NT,True,7933
260,IPIPNG,ipi,Ipili,2008,Ipili NT,True,0
262,KBMTBL,kbm,Iwal,1984,Iwal NT,True,7871
264,IXLWBT,ixl,San Juan Cotzal Ixil,2001,Ixil Cotzal NT,True,0
265,IXIWBT,ixl,San Juan Cotzal Ixil,2008,Ixil Nebaj NT,True,7958
266,NCAWBT,nca,Iyo,2009,Iyo NT,True,7956
267,JACWBT,jac,Eastern Jacalteco,1997,Eastern Jakalteko NT,True,0
271,URBWBT,urb,Urubú-Kaapor,2012,Kaapor NT,True,7869
281,KMSPNG,kms,Kamasau,1998,Kamasau NT,True,7955
282,XLAPNG,xla,Kamula,2005,Kamula Bible,True,7928
283,SOQWBT,soq,Kanasi,1996,Kanasi NT,True,7933
285,GAMWBT,gam,Kandawo,2012-2014,Kandawo NT,True,7947
287,KMUTBL,kmu,Kanite,2002,Kanite NT,True,7945
294,CAKSBG,cak,Central Cakchiquel,2012,Kaqchikel NT,True,0
304,KSDPNG,ksd,Kuanua,1882-1983,Kauana Bible,True,31096
305,KYZWBT,kyz,Kayabí,2012,Kayabí NT,True,0
306,TXUTBL,txu,Kayapó,2012,Kayapó NT,True,7675
307,KHZPNG,khz,Keapara,2005,Keapara Kalo NT,True,7958
308,BMHWBT,bmh,Kein,2005,Kein NT,True,7922
310,KENWBT,ken,Kenyang,2010,Kenyang NT,True,7948
311,KYGTBL,kyg,Keyagana,2001,Keyagana Bible,True,7954
313,KJEWBT,kje,Kisar,2008,Kisar NT,True,7843
314,KPWPNG,kpw,Kobon,2005,Kobon NT,True,7940
315,KPXTBL,kpx,Mountain Koiali,1981,Mountain Koiali NT,True,7945
320,KPRTBL,kpr,Korafe,1984,Korafe NT,True,7647
321,KZEWBT,kze,Kosena,1980,Kosena NT,True,7930
323,KYFWBT,kyf,Kouya,2002,Kouya NT,True,7937
324,KGFGBT,kgf,Kube,2012,Kube NT+Psalms,True,7950
325,KUEPNG,kue,Kuman,2008,Kuman NT,True,7959
326,KVNWBT,kvn,Border Kuna,2009,Border Kuna NT,True,7958
329,KUPTBL,kup,Kunimaipa,"1989, 2002",Kunimaipa NT,True,7904
333,KDCPBT,kdc,Kutu,2014,Kutu NT,True,7959
335,KWJWBT,kwj,Kwanga,1992,Kwanga NT,True,7958
336,KWFWBT,kwf,Kwara'ae,2003,Kwara'ae Bible,True,7877
337,CWEPBT,cwe,Kwere,2014,Kwere NT,True,7956
339,KYCPNG,kyc,Kyaka,"1973, 1980, 1987",Kyaka Enga Bible,True,7896
342,LACTBL,lac,Lacandon,1978,Lacandon NT,True,0
344,LIFWBT,lif,Limbu,2009,Limbu NT (Limbu Script),True,7875
346,UVLWBT,uvl,Lote,2009,Lote NT,True,7954
347,LEXWBT,lex,Luang,"2005, 2014",Luang Bible,True,7886
348,RUFPBT,ruf,Luguru,2014,Luguru NT,True,0
352,MYYWBT,myy,Macuna,2012,New Testament in Macuna,True,7944
358,MCPWBT,mcp,Makaa,2014,Makaa NT,True,0
363,HOTWBT,hot,Hote,2010,Malei-Hote NT,True,7924
365,MAMSBG,mam,Northern Mam,2000,Mam Todos Santos NT,True,30992
368,MBHTBL,mbh,Mangseng,1999,Mangseng NT,True,0
370,MSMWPS,msm,Agusan Manobo,1999,Agusan Manobo NT,True,7936
372,MBTWBT,mbt,Matigsalug Manobo,2010,Matigsalug Manobo NT,True,7926
373,OBOWBT,obo,Obo Manobo,2011,Obo Manobo NT,True,7958
377,MLHPNG,mlh,Mape,2008,Mape NT,True,0
380,DADWBT,dad,Marik,2011,Marik NT,True,7942
382,KLVWBT,klv,Maskelynes,2013,Maskelynes NT,True,0
384,MHLPNG,mhl,Mauwake,1998,Mauwake NT,True,7919
386,MOPWBT,mop,Mopán Maya,2012,Mopán Maya NT,True,7904
387,MAZTBL,maz,Mazahua Central,2007,Central Mazahua NT,True,0
388,MAQTBL,maq,Chiquihuitlán Mazatec,1991,Chiquihuitlán Mazatec NT,True,0
391,MAASJV,maa,San Jerónimo Tecóatl Mazatec,2013,San Jerónimo Tecóatl Mazatec NT,True,7959
393,MQBWBT,mqb,Mbuko,2010,Mbuko NT,True,7954
395,MEKPNG,mek,Mekeo,1998,Mekeo NT,True,7956
396,TPIPNG,tpi,Tok Pisin,1969–2008,Tok Pisin Bible with Deuterocanon,True,30362
397,MEDPNG,med,Melpa,1995,Melpa NT,True,7924
398,SIMPNG,sim,Mende,2005,Mende NT,True,7933
399,MEETBL,mee,Mengen,2003,Mengen NT,True,7956
400,MEQWBT,meq,Merey,2012,Merey NT,True,7949
405,AAIWBT,aai,Arifama-Miniafia,2009,Minaifia NT,True,7959
407,MPXPNG,mpx,Misima-Paneati,"1947, 1997, 2011, 2016, 2018",Misima-Paneati Bible,True,7956
408,MCOTBL,mco,Coatlán Mixe,1976,Coatlán Mixe NT,True,7950
409,MIRTBL,mir,Isthmus Mixe,1988,Isthmus Mixe NT,True,0
410,MXQTBL,mxq,Juquila Mixe,2009,Juquila Mixe NT,True,0
415,MIZTBL,miz,Coatzospan Mixtec,2003,Coatzospan Mixtec NT,True,0
416,XTDTBL,xtd,Diuxi-Tilantongo Mixtec,2001,Diuxi-tilantongo Mixtec NT,True,7953
417,MXTTBL,mxt,Jamiltepec Mixtec,1983,Jamiltepec Mixtec NT,True,7918
419,MIETBL,mie,Ocotepec Mixtec,1977,Ocotepec Mixtec,True,0
420,MILTBL,mil,Peñoles Mixtec,2002,Peñoles Mixtec NT,True,7955
421,MIOWBT,mio,Pinotepa Nacional Mixtec,1980,Pinotepa Nacional Mixtec NT,True,7954
424,MKSTBL,mks,Silacayoapan Mixtec,2009,Silacayoapan Mixtec NT,True,0
425,MITTBL,mit,Southern Puebla Mixtec,1978,Southern Puebla Mixtec NT,True,7953
426,MXBMVR,mxb,Tezoatlán Mixtec,2006,Tezoatlán Mixtec NT,True,7958
427,MPMTBL,mpm,Yosondúa Mixtec,1988,Yosondúa Mixtec NT,True,7951
428,SOYSIM,soy,Miyobe,2010,Sola NT,True,0
429,MKLSIM,mkl,Mokole,2006,Monkole NT,True,7904
432,MEUPNG,meu,Motu,1959-1973,Motu Bible,True,31099
433,HMOPNG,hmo,Hiri Motu,"1964, 1982, 1994",Hiri Motu Bible,True,30911
435,BMRWBT,bmr,Muinane,2009,Muinane NT,True,7950
438,TUCOOV,tuc,Mutu,2011,Saveeng Oov Bible,True,7945
440,MUYWBT,muy,Muyang,2013,Muyang NT,True,7958
441,MYWPNG,myw,Muyuw,"1976, 1993",Muyuw NT,True,7757
443,NASPNG,nas,Naasioi,1994,Naasioi NT,True,7951
446,TNKWBT,tnk,Kwamera,2013,Kwamera NT,True,0
447,NHWTBL,nhw,Western Huasteca Nahuatl,2005,Huasteca Occidental Nahuatl Bible,True,7952
449,NGUTBL,ngu,Guerrero Nahuatl,1987,Guerrero Nahuatl NT,True,7933
450,AZZTBL,azz,Highland Puebla Nahuatl,1975,Highland Puebla Nahuatl NT,True,7947
451,NCHTBL,nch,Central Huasteca Nahuatl,2005,Huasteca Central Nahuatl Bible,True,7952
452,NHETBL,nhe,Eastern Huasteca Nahuatl,2005,Huasteca Oriental Nahuatl Bible 2005,True,7958
454,NHYTBL,nhy,Northern Oaxaca Nahuatl,2006,Northern Oaxaca Nahuatl NT,True,7952
455,NCJTBL,ncj,Northern Puebla Nahuatl,1979,Northern Puebla Nahuatl NT,True,0
456,NPLWYI,npl,"Nahuatl, Southeastern Puebla",2011,Southeastern Puebla Nahuatl NT,True,0
458,NHIWBT,nhi,Tenango Nahuatl,2012,Zacatlán-Ahuacatlán-Tepetzintla Nahuatl NT,True,7959
459,NAKTBL,nak,Nakanai,1983,Nakanai NT,True,7954
462,NVMWBT,nvm,Namiae,2004,Namiai NT,True,7882
466,NSNWBT,nsn,Nehan,2011,Nehan NT,True,7952
468,GYMWBT,gym,Ngäbere,2004,Ngäbere NT,True,7804
469,GNGWYI,gng,Ngangam,2011,Ngangam NT,True,0
475,NKOWBT,nko,Nkonya,2010,Nkonya NT,True,7956
476,GAWWBT,gaw,Nobonob,1990,Nobnob NT,True,7946
478,NHUWBT,nhu,Noone,2011,Noone NT,True,7950
480,TNNWBT,tnn,North Tanna,2010,North Tanna NT,True,0
481,ESKWBT,esk,Northwest Alaska Inupiatun,2010,Northwest Alaska Eskimo NT,True,7928
484,LIDWBT,lid,Nyindrou,2001,Nyndrou NT + OT portions,True,7899
488,OPMTBL,opm,Oksapmin,1992,Oksapmin NT,True,7949
497,OTETBL,ote,Mezquital Otomi,2008,Mezquital Otomi NT,True,7957
498,OTQTBL,otq,Querétaro Otomi,2009,Querétaro Otomi NT,True,0
502,PAONAB,pao,Northern Paiute,2012,Northern Paiute NT,True,0
505,PRFWBT,prf,Paranan,2012,Paranan NT,True,7958
506,PABTBL,pab,Parecís,2012,Parecís NT,True,7955
508,GFKTBL,gfk,Patpatar,1997,Patpatar NT,True,0
510,ATAPNG,ata,Pele-Ata,2009,Ata Bible,True,7950
512,PIRWBT,pir,Piratapuyo,2011,Piratapuyo NT,True,0
513,POYPBT,poy,Pogolo,2014,Pogolo NT,True,0
519,POHBSG,poh,Eastern Pokomchí,2012,Poqomchi' Occidental NT,True,7958
521,FUFPBT,fuf,Pular,2010,Pular Fuuta-Jallon New Testament,True,7957
522,KEKIBS,kek,Kekchí,2000,Q'eqchi' Bible,True,7958
524,QVCTBL,qvc,Cajamarca Quechua,2008,Cajamarca Quechua NT,True,7810
525,QVETBL,qve,Eastern Apurímac Quechua,2013,Eastern Apurímac Quechua NT,True,7959
528,QWHLLB,qwh,Huaylas Ancash Quechua,2008,Huaylas Ancash Quechua NT,True,7885
530,QUFLLB,quf,Lambayeque Quechua,2008,Lambayeque Quechua NT,True,7950
531,QVMTBL,qvm,Margos-Yarowilca-Lauricocha Quechua,2008,Margos-Yarowilca-Lauricocha Quechua NT,True,7455
532,QULSBB,qul,North Bolivian Quechua,1985,North Bolivian Quechua NT,True,7944
533,QVNLLB,qvn,North Junín Quechua,2008,North Junín Quechua NT,True,7949
534,QXNWBT,qxn,Northern Conchucos Ancash Quechua,2002,Northern Conchucos Ancash Quechua NT,True,7947
535,QXHWBT,qxh,Panao Huánuco Quechua,2009,Panao Huánuco Quechua NT,True,7945
536,QVSTBL,qvs,San Martín Quechua,2008,San Martín Quechua NT,True,7883
537,QUHSBB,quh,South Bolivian Quechua,2011,South Bolivian Quechua NT,True,0
540,QVZWBT,qvz,Northern Pastaza Quichua,2009,Northern Pastaza Quichua NT,True,7813
541,RAITBL,rai,Ramoaaina,2006,Ramoaaina NT,True,7952
551,RUGWBT,rug,Roviana,2016,Roviana Bible,True,30643
553,SPYWBT,spy,Sabaot,2011,Sabaot NT,True,7937
557,SLLTBL,sll,Salt-Yui,1978,Salt-Yui NT,True,7940
558,CUKNVS,cuk,San Blas Kuna,2014,San Blas Kuna Bible,True,7958
562,SRMWBT,srm,Saramaccan,2009,Saramaccan NT,True,0
565,SEYWBT,sey,Secoya,2012,Secoya NT,True,0
566,SSGWBT,ssg,Seimat,2012,Seimat NT,True,7959
568,SSXPNG,ssx,Samberigi,1991,Sembeleke Bible,True,0
570,MYKWBT,myk,Mamara Senoufo,2014,Mamara Sénoufo NT and portions of the OT,True,7958
573,SHPTBL,shp,Shipibo-Conibo,2012,Shipibo-Conibo Bible,True,7959
574,JIVAIE,jiv,Shuar,2012,New Testament in Shuar,True,7947
577,SNCPNG,snc,Sinaugoro,1995,Sinaugoro NT,True,7958
579,SNNWBT,snn,Siona,2009,Siona NT,True,7956
580,SRIWBT,sri,Siriano,2009,Siriano NT,True,7957
581,SRIWBT,srq,Sirionó,1977,Sirionó NT,True,7957
582,SSDWBT,ssd,Siroi,"1975, 1999",Siroi Bible,True,7943
583,SOMSIM,som,Somali,"1979, 2008",Somali Bible,True,31102
584,BMUPNG,bmu,Burum-Mindik,"1992, 2002",Somba-Siawari Bible,True,7956
587,NWIWBT,nwi,Southwest Tanna,2011,Southwest Tanna NT,True,7949
590,SRNBSS,srn,Sranan,2002,Sranan NT,True,7941
591,SWPPNG,swp,Suau,1998,Suau Bible,True,7958
594,SUEWBT,sue,Suena,"1978, 2011",Suena NT,True,7938
595,SUKTBL,sua,Sulka,1997,Sulka NT,True,7872
596,SUZWBT,suz,Sunwar,2011,Sunwar Bible,True,31104
597,SGZWBT,sgz,Sursurunga,2009,Sursurunga NT,True,7947
598,SUSPBT,sus,Susu,2015,Susu Bible,True,7957
601,KNVPNG,knv,Tabo,2006,Tabo Fly River NT,True,7949
607,TGKIBT,tgk,Tajiki,"2010, 2014",Tajik Bible,True,0
608,TBCPNG,tbc,Takia,1999,Takia NT,True,0
609,NHOTCT,nho,Takuu,2009,Takuu NT,True,7955
611,TAJWBT,taj,Eastern Tamang,2011,Eastern Tamang NT,True,7922
613,TGPWBT,tgp,Tangoa,2010,Tangoa NT,True,7957
616,TAVWBT,tav,Tatuyo,2009,Tatuyo NT,True,7909
618,TBOWBT,tbo,Tawala,"1985, 2014",Tawala NT,True,7952
620,TTCWBT,ttc,Tektiteko,2003,Tektiteko NT,True,7959
623,PAHTBL,pah,Tenharim,1996,Tenharim NT,True,7881
624,TEETBL,tee,Huehuetla Tepehua,1976,Huehuetla Tepehua NT,True,0
626,NTPTBL,ntp,Northern Tepehuan,1981,Northern Tepehuan NT,True,7763
627,STPTBL,stp,Southeastern Tepehuan,2007,Southeastern Tepehuan NT,True,0
628,TERTBL,ter,Terêna,2012,Terêna NT,True,7958
629,TFRWBT,tfr,Teribe,2008,Teribe Bible,True,7637
632,THAKJV,tha,Thai,2003,Thai KJV Bible,True,7957
633,TCATBL,tca,Ticuna,2008,Ticuna NT,True,7742
637,TPZWBT,tpz,Tinputz,2004,Tinputz Vasui NT,True,7945
641,JICWBT,jic,Tol,2010,Tol NT,True,7922
643,TOCTBL,toc,Coyutla Totonac,2006,Coyutla Totonac NT,True,0
644,TOSTBL,tos,Highland Totonac,2009,Highland Totonac NT,True,7911
651,TUOWBT,tuo,Tucano,2009,Tucano NT,True,7939
654,LCMPNG,lcm,Tungag,"1998, 2011",Tungag Bible,True,7948
655,TUEWBT,tue,Tuyuca,2011,Tuyuca NT,True,7956
664,UBRTBL,ubr,Ubir,"1997, 2011",Ubir Bible,True,7946
665,UDUSIM,udu,Uduk,2005,Uduk Bible,True,0
667,GDNPNG,gdn,Umanakaina,1999,Umanakaina NT,True,7933
668,UBUAND,ubu,Umbu-Ungu,1998,Umbu-Ungu Andelale NT,True,7738
671,URATBL,ura,Urarina,2008,Urarina NT,True,7752
674,WNUPNG,wnu,Usan,2001,Usan NT,True,7940
675,USAWBT,usa,Usarufa,1980,Usarufa Bible,True,7950
676,USPWBT,usp,Uspanteco,2010,Uspanteko NT,True,0
677,VIDPBT,vid,Vidunda,2014,Vidunda NT,True,0
678,WAJWBT,waj,Waffa,1975,Waffa NT,True,7953
679,RROPNG,rro,Waima,2002,Waima NT,True,7957
680,BAOWBT,bao,Waimaha,2010,Waimaha NT,True,7940
682,WNCPNG,wnc,Wantoat,"1975, 2001",Wantoat NT,True,7934
685,WRSPNG,wrs,Waris,2002,Waris Bible,True,0
686,WSKPNG,wsk,Waskia,"1985, 2011, 2014",Waskia Bible,True,7956
690,KEWPNG,kew,West Kewa,2003,West Kewa Bible,True,7958
692,GDRPNG,gdr,Wipi,2001,Wipi NT,True,7956
694,WALSIM,wal,Wolaytta,2004,Wolaytta Bible,True,30709
697,NOAWBT,noa,Woun Meu,2011,Woun Meu NT,True,7957
698,WUVWBT,wuv,Wuvulu-Aua,2004,Wuvalu-Aua NT,True,7941
699,XAVTBL,xav,Xavánte,2004,Xavánte NT,True,7428
700,JAEPNG,jae,Yabem,1980,Yabem Bible,True,0
701,YADTBL,yad,Yagua,2008,Yagua NT,True,7870
704,YALPBT,yal,Yalunka,2012,Yalunka Bible,True,7955
705,YAATBL,yaa,Yaminahua,2008,Yaminahua NT,True,7918
706,AMETBL,ame,Yanesha',2008,Yanesha' NT,True,0
709,YAQTBL,yaq,Yaqui,2003,Yaqui NT,True,0
710,YUWPNG,yuw,Yau,1997,Yau NT,True,7953
711,YVATBL,yva,Yawa,2011,Yawa NT,True,7950
712,YBYWBT,yby,Yaweyuha,"1983, 2011",Yaweyuha NT,True,7884
716,PIBWBT,pib,Yine,2008,Yine NT,True,7958
718,YUTWBT,yut,Yopno,2010,Yopno NT & Psalms,True,7946
719,YCNWBT,ycn,Yucuna,2011,Yucuna NT,True,7948
721,ZPOTBL,zpo,Amatlán Zapotec,2009,Amatlán Zapotec NT,True,0
725,ZCAWYI,zca,Coatecas Altas Zapotec,2013,Coatecas Altas Zapotec,True,7958
726,ZAITBL,zai,Isthmus Zapotec,1988,Isthmus Zapotec NT,True,7931
727,ZPLTBL,zpl,Lachixío Zapotec,2010,Lachixío Zapotec NT,True,0
728,ZAMILM,zam,Miahuatlán Zapotec,1971,Miahuatlán Zapotec NT,True,0
729,ZAWMVR,zaw,Mitla Zapotec,2006,Mitla Zapotec NT,True,7956
730,ZPMTBL,zpm,Mixtepec Zapotec,1998,Mixtepec Zapotec NT,True,0
731,ZACSIM,zac,Ocotlán Zapotec,1983,Ocotlán Zapotec,True,0
732,ZAOTBL,zao,Ozolotepec Zapotec,2007,Ozolotepec Zapotec NT,True,0
733,ZTQTBL,ztq,Quioquitani-Quierí Zapotec,2009,Quioquitani-Quierí Zapotec NT,True,0
734,ZARTBL,zar,Rincón Zapotec,2009,Rincón Zapotec NT,True,0
735,ZABTBL,zab,San Juan Guelavía Zapotec,1995,San Juan Guelavía Zapotec,True,0
736,ZPIWYI,zap,"Zapotec, Santa María Quiegolani",2010,Santa María Quiegolani Zapotec NT,True,7953
737,ZASWYI,zas,Santo Domingo Albarradas Zapotec,2010,Santo Domingo Albarradas Zapotec NT,True,7948
738,ZAATBL,zaa,Sierra de Juárez Zapotec,1970,Sierra de Juárez Zapotec NT,True,7951
741,ZPZTBL,zpz,Texmelucan Zapotec,2004,Texmelucan Zapotec Bible,True,0
742,ZPUTBL,zpu,Yalálag Zapotec,2000,Yalálag Zapotec NT,True,7958
743,ZTYTBL,zty,Yatee Zapotec,2002,Yatee Zapotec NT & Psalms,True,0
745,ZPQTBL,zpq,Zoogocho Zapotec,1987,Zoogocho Zapotec NT,True,7953
746,ZIATBL,zia,Zia,1982,Zia NT,True,7939
748,ZOSTBL,zos,Francisco León Zoque,1978,Francisco León Zoque NT,True,0
751,BNGWTC,ben,Bengali,2001-2006,Bengali Bible (ERV),True,0
752,MYAOJV,mya,Burmese,2005,Burmese Common Language Bible,True,30944
758,ENGNAS,eng,English,"1960, 1962, 1963, 1968, 1971, 1972, 1973, 1975, 1977, 1995",NASB 1995,True,0
762,GUJWTC,guj,Gujarati,1997-2009,Gujarati Bible,True,30928
763,HNDWTC,hin,Hindi,1992-2010,Hindi Easy Reading Version,True,7935
768,TCVWTC,tam,Tamil,1994-2008,Tamil Easy Reading Version,True,0
769,TCWWTC,tel,Telugu,1992-2010,Telugu Easy Reading Version,True,30742
771,VIEWTC,vie,Vietnamese,"2002, 2011",Vietnamese Easy Reading Verson,True,31081
772,KUDBTA,kud,'Auhelawa,,2008 Edition,True,7958
775,AIWDPI,aiw,Aari,,DPI Version,True,0
776,AAUWBT,aau,Abau,2006,The New Testament in Abau,True,7947
778,ABIWBT,abi,Abidji,2001,The New Testament in Abidji,True,7925
782,KGRLAI,kgr,Abun,,2004 Edition,True,7947
784,ACNBSM,acn,Achang,2004,Achang 2004 Edition,True,7949
790,ACCIBS,acc,Cubulco Achí,1992,Today's Achi Version,True,0
793,ACUTBL,acu,Achuar-Shiwiar,1994,Achuar-Shiwiar 1994 Edition,True,7934
794,GUQLPY,guq,Aché,2007,Ache LETRA Version,True,7957
795,ACHBSU,ach,Acholi,1985,Acoli 1985 Edition,True,7957
796,FUBBSN,fub,Adamawa Fulfulde,1963,The New Testament in Adamawa Fulfulde (Nigeria),True,0
802,ADETBL,ade,Adele,1996,Adele 1996 Edition,True,7956
803,ADHBSU,adh,Adhola,2002,Adhola 2002 Edition,True,7959
805,ADJWBT,adj,Adioukrou,1998,Adioukrou 1998 Edition,True,7955
821,AGDPNG,agd,Agarabi,,2010 Edition,True,0
826,AGUNVS,agu,Aguacateco,2011,Aguacateco 1993 Edition,True,0
827,AGRTBL,agr,Aguaruna,2005,Aguaruna 2005 Edition,True,7946
828,MSMWPS,msm,Agusan Manobo,1999,Agusan Manobo 1999 Edition,True,7936
829,AGNWPS,agn,Agutaynen,2004,The New Agreement Agutaynen Bible,True,0
845,AKEBSS,ake,Akawaio,2010,Akawaio 2010 Edition,True,7958
847,AEUWBT,aeu,Akeu,,WBT Version,True,7958
849,AHKTBS,ahk,Akha,2001,Akha 2001 Edition,True,7928
851,BSSWBT,bss,Akoose,2011,Akoose 2011 Edition,True,7942
853,ALWDPI,alw,Alaba,2015,The Word for the World Edition,True,0
857,ALJOMF,alj,Alangan,1989,Alangan 1989 Edition,True,7923
860,GAHPNG,gah,Alekano,2013,The New Testament in Alekano,True,7941
867,ALDABC,ald,Alladian,2003,The New Testament in Alladian,True,0
869,ALPWBT,alp,Alune,2012,The New Testament in Alune,True,7912
870,ALZBSU,alz,Alur,1970,Alur 1970 Edition,True,7957
872,AMMWBT,amm,Ama,2009,The New Testament in Ama,True,7954
875,AMNPNG,amn,Amanab,,2001 Edition,True,7956
877,AMRTBL,amr,Amarakaeri,,2008 Edition,True,7897
881,ZPOTBL,zpo,Amatlán Zapotec,2002,The New Testament in Amatlan Zapotec,True,0
882,AMKWBT,amk,Ambai,2010,The New Testament in Ambai,True,7954
883,QVAWBT,qva,Ambo-Pasco Quechua,2017,Ambo-Pasco Quechua New Testament,True,0
887,ABTAMV,abt,Ambulas,,1983 Edition,True,7925
891,ASESLV,ase,American Sign Language,2004,American Sign Language Bible,True,0
892,IFAWBT,ifa,Amganad Ifugao,2014,"Ifugao, Amganad Bible",True,31090
893,AMHEVG,amh,Amharic,,1962 Edition,True,7944
899,AMHSDV,amh,Amharic,2007,Amharic 2007 Edition,True,7957
922,ABYWBT,aby,Aneme Wake,2012,The New Testament in Aneme Wake,True,7855
924,AGMWBT,agm,Angaatiha,2004,Angaataha 2004 Edition,True,0
926,AKHBSP,akh,Angal Heneng,1978,Angal Heneng 1978 Edition,True,7931
928,YLILAI,yli,Angguruk Yali,1998,"Today's Yali Angguruk Version, 1998",True,7911
931,AGGPNG,agg,Angor,2001,Angor 2001 Edition,True,0
933,BOJWBT,boj,Anjam,2014,"Anjam New Testament, 2014 revision",True,0
935,AAKWBT,aak,Ankave,1990,Ankave 1990 Edition,True,7953
939,CKOGIL,cko,Anufo,2006,Anufo 2006 Edition,True,7913
941,ANYWBT,any,Anyin,1997,1997 Edition,True,0
946,MIPUTI,mip,Apasco-Apoala Mixtec,,2016 Edition,True,7958
950,ARLTBL,arl,Arabela,,2008 Edition,True,7955
952,ATQLAI,atq,Aralle-Tabulahan,2004,Aralle-Tabulahan 2004 Edition,True,7942
959,AAIWBT,aai,Arifama-Miniafia,2009,Arifama-Miniafia 2009 Edition,True,7959
960,LUCHLA,luc,Aringa,2013,The New Testament in Aringa,True,0
970,APRWBT,apr,Arop-Lukep,2013,The New Testament in the Arop dialect of the Arop-Lokep language of Papua New Guinea,True,0
973,MSYPNG,msy,Aruamu,2004,Aruamu 2004 Edition,True,7729
974,CNIWBT,cni,Asháninka,2006,Asháninka 2006 Edition,True,7775
975,CJOWBT,cjo,Ashéninka Pajonal,2008,The New Testament in Ashéninka Pajonal,True,7931
987,MIBTBL,mib,Atatláhuca Mixtec,,1973 Edition,True,7957
991,AVTWBT,avt,Au,1992,Au 1992 Edition,True,7955
994,AVAIBT,ava,Avar,,2008 Edition,True,0
995,AVNWBT,avn,Avatime,,WBT Version,True,7957
996,AVUWBT,avu,Avokaya,2002,Avokaya 2002 Edition,True,7593
997,AWBTBL,awb,Awa,2002,Awa 2002 Edition,True,7958
998,KWIWBT,kwi,Awa-Cuaiquer,2002,Awa-Cuaiquer 2002 Edition,True,7917
999,AWAIBS,awa,Awadhi,2006,New India Bible Version,True,0
1000,AWAWTC,awa,Awadhi,2006,Awadhi Easy-to-Read Version,True,0
1002,AUYWBT,auy,Awiyaana,1984,The New Testament in Awiyaana,True,7932
1003,AWNDPI,awn,Awngi,2015,The Word for the World Edition,True,0
1005,QUYPBS,quy,Ayacucho Quechua,1987,Ayacucho Quechua 1987 Edition,True,0
1006,QUYSBU,quy,Ayacucho Quechua,,1987 Edition,True,7937
1007,VMYTBL,vmy,Ayautla Mazatec,2009,Ayautla Mazatec 2009 Edition,True,0
1008,AYMBSB,aym,Aymara,,2011 Edition,True,0
1009,AYMSBU,aym,Aymara,,1997 Edition,True,7958
1010,AYONTM,ayo,Ayoreo,1982,Ayoreo 1982 Edition,True,7957
1011,MIYWYI,miy,Ayutla Mixtec,2015,The New Testament in Ayutla Mixtec,True,0
1012,AZEBSA,aze,Azerbaijani,2009,The Bible in Azerbaijani,True,31073
1015,BBABSB,bba,Baatonum,1996,Baatonum 1996 Edition,True,30920
1019,BHZLAI,bhz,Bada,2017,2017 Edition,True,7915
1023,BVCWBT,bvc,Baelelea,2014,The New Testament in Baelelea,True,0
1025,BFDWBT,bfd,Bafut,1999,Bafut 1999 Edition,True,7956
1029,BDQDVS,bdq,Bahnar,1971,The New Testament in Bahnar,True,0
1031,BDHWBT,bdh,Baka,2017,2017 Edition,True,0
1035,BLZLAI,blz,Balantak,2010,Balantak 2010 Edition,True,7958
1036,BANIBS,ban,Bali,1990,"Balinese Today's Balinese Version, 1990",True,0
1040,PTULAI,ptu,Bambam,2004,Bambam 2004 Edition,True,7876
1041,BAMLSB,bam,Bamanankan,1996,La Sainte Bible in Bambara,True,7951
1044,BCWWBT,bcw,Bana,2005,The Bible in Bana,True,7898
1046,BZABSL,bza,Bandi,1998,Bandi New Testament,True,0
1047,BQJATB,bqj,Bandial,2015,The Bible in Bandial,True,7956
1050,BXGDRC,bxg,Bangala,1991,The New Testament in Bangala,True,0
1053,BGZLAI,bgz,Banggai,2002,2002 Edition,True,7945
1055,BNOWBT,bno,Bantoanon,2017,The Bantoanon Bible,True,0
1056,BCIUBS,bci,Baoulé,1979,The UBS Baoulé New Testament,True,0
1057,BBBWBT,bbb,Barai,2013,The New Testament in Barai,True,7898
1058,BSNTBL,bsn,Barasana,2001,Barasana-Eduria 2001 Edition,True,0
1059,MLPTBL,mlp,Bargam,2002,Bargam 2002 Edition,True,7772
1060,BFABSS,bfa,Bari,1979,The New Testament in Bari,True,0
1061,BCHWBT,bch,Bariai,2012,Bariai WBT Edition,True,7957
1063,BYRWBT,byr,Baruya,1994,Baruya 1994 Edition,True,7959
1067,BAKIBT,bak,Bashkir,2015,The New Testament in Bashkir,True,0
1071,EUSNLT,eus,Basque,1571,Elizen Arteko Biblia,True,7948
1072,BSQLBS,bsq,Bassa,1969,Bassa 2002 Edition,True,0
1073,BSCWBT,bsc,Bassari,2016,The New Testament in Oniyan,True,0
1074,IFBTBL,ifb,Batad Ifugao,2010,Batad Ifugao 2010 Edition,True,31097
1075,AKBLAI,akb,Batak Angkola,1991,Batak Angkola 1991 Edition,True,7958
1076,BTDLAI,btd,Batak Dairi,1998,Today's Batak Dairi Version,True,7933
1077,BTXLAI,btx,Batak Karo,1987,"Batak Karo Today's Version, 1987",True,7954
1078,BTSLAI,bts,Batak Simalungun,1976,Batak Simalungun Formal Version 1976,True,7958
1082,BVZYSS,bvz,Bauzi,2008,Bauzi 2008 Edition,True,7800
1083,BGRBBS,bgr,Bawm Chin,2006,Bawm Chin 2006 Edition,True,7867
1089,BJVWYI,bjv,Bedjond,2011,Bedjond 2011 Edition,True,7957
1091,BKVWYI,bkv,Bekwarra,1983,Bekwarra 1983 Edition,True,7959
1094,BELJFC,bel,Belarusan,1973,JFC Version,True,7957
1095,BZJBSW,bzj,Belize Kriol English,2012,Belize Kriol English 2012 Edition,True,7953
1097,BEMUBS,bem,Bemba,1956,The Bemba 1956 Bible,True,0
1101,BEFWBT,bef,Benabena,1982,Benabena 1982 Edition,True,7959
1117,BKLLAI,bkl,Berik,1993,Berik 1993 Edition,True,7938
1118,BEPLAI,bep,Besoa,2018,2015 Edition,True,0
1119,BTTPDT,btt,Bete-Bendi,1982,1982 Edition Drama,True,7895
1127,BHWLAI,bhw,Biak,1990,The Biak New Testament,True,7956
1129,BEHWBT,beh,Biali,2018,Biali WBT Edition,True,7914
1130,BIGWBT,big,Biangai,1985,Biangai 2013 Edition,True,7949
1136,BHLPNG,bhl,Bimin,2008,Bimin New Testament,True,7931
1137,BIMWBT,bim,Bimoba,2001,Bimoba 2001 Edition,True,7911
1139,BONPNG,bon,Bine,1993,Bine 1993 Edition,True,7955
1141,BKDWBT,bkd,Binukid,1986,The New Testament in Binukid,True,0
1142,BJRWBT,bjr,Binumarien,1983,Binumarien 1983 Edition,True,7818
1143,BISBSP,bis,Bislama,2012,Bislama BSSP Version,True,0
1145,BIBWBT,bib,Bissa,2000,Bissa 2000 Edition,True,0
1150,MUXWBT,mux,Mbo-Ung,,2004 Edition,True,7939
1153,BQCSIM,bqc,Boko,2010,Boko (Benin) 2010 Edition,True,31073
1154,BUSSIM,bus,Bokobaru,2005,Bokobaru 2005 Edition,True,7957
1155,BKYBSN,bky,Bokyi,1985,The New Testament in Bokyi,True,0
1156,BNPWBT,bnp,Bola,2011,The Scriptures in Bola,True,7943
1158,BMQBSM,bmq,Bomu,2012,Bomu 2012 Edition,True,7957
1160,BOATBL,boa,Bora,1982,The Scriptures in Bora,True,0
1163,KVNWBT,kvn,Border Kuna,2009,The New Testament in Border Kuna,True,7958
1165,GAIPBT,gai,Borei,,PBT Version,True,0
1166,FUESIM,fue,Borgu Fulfulde,2011,"New Testament in Fulfulde, Borgu",True,7958
1167,KSRPNG,ksr,Borong,2011,Borong 2011 Edition,True,7957
1169,SBLTBL,sbl,Botolan Sambal,2005,Botolan Sambal 2005 Edition,True,7957
1175,PLWWBT,plw,Brooke's Point Palawano,2013,Brooke's Point Palawano 2013 Edition,True,0
1176,CFMBIV,cbl,Bualkhaw Chin,,2012 Edition,True,7957
1177,BOXWYI,box,Buamu,2012,Buamu 2012 Edition,True,7944
1180,BUKLBT,buk,Bugawac,2000,New Testament in Bukawa,True,7953
1184,SABWBT,sab,Buglere,2008,Buglere 2008 Edition,True,7542
1185,UBLTAP,ubl,Buhi'non Bikol,2017,2017 Edition,True,0
1186,BKUOMF,bku,Buhid,1988,Buhid 1988 Edition,True,7930
1191,APEWBT,ape,Bukiyip,,1994 Edition,True,0
1196,BULB40,bul,Bulgarian,1940,1940 Bulgarian Bible,True,31101
1198,BULBBS,bul,Bulgarian,2013,Contemporary Bulgarian Bible,True,0
1207,BWUTBL,bwu,Buli,1995,Buli (Ghana) 1995 Edition,True,7836
1211,BMVCAB,bmv,Bum,,2014 Edition,True,7959
1212,AONTBL,aon,Bumbita Arapesh,2003,Bumbita Arapesh 2003 Edition,True,0
1214,BDDWBT,bdd,Bunama,,1991 Edition,True,7939
1216,BWRBSN,bwr,Bura-Pabir,1986,The New Testament in Bura,True,0
1229,BQPSIM,bqp,Busa,2005,2005 Edition,True,7955
1233,TTEWBT,tte,Bwanabwana,2003,Bwanabwana 2003 Edition,True,7912
1234,CJPTJV,cjp,Cabécar,2014,Cabécar Traducciones al Cabecar Edition,True,7952
1235,CBVTBL,cbv,Cacua,2004,Cacua 2004 Edition,True,0
1236,QVCTBL,qvc,Cajamarca Quechua,2004,Cajamarca Quechua 2004 Edition,True,7810
1242,MCUTBL,mcu,Cameroon Mambila,2001,Cameroon Mambila 2001 Edition,True,0
1244,KBHWBT,kbh,Camsá,1990,Camsá 1990 Edition,True,0
1248,COTTBL,cot,Caquinte,2005,Caquinte 2005 Edition,True,7919
1250,CBCWBT,cbc,Carapana,1992,Carapana 1992 Edition,True,0
1251,HNSWBT,hns,Caribbean Hindustani,1997,Caribbean Hindustani 1997 Edition,True,7832
1252,JVNTBL,jvn,Caribbean Javanese,1999,Caribbean Javanese 1999 Edition,True,7931
1253,RMCWFW,rmc,Carpathian Romani,2013,Carpathian Romani WFW Edition,True,7958
1260,CBSBSP,cbs,Cashinahua,2008,Cashinahua 2008 Edition,True,7479
1271,CSCSLV,csc,Catalonian Sign Language,2015,Spanish (Catalan) Sign Language Bible Portions,True,0
1273,QXRBSE,qxr,Cañar Highland Quichua,2010,Cañar Quichua 2010 Edition,True,0
1276,CEBCBV,ceb,Cebuano,1988,Cebuano Bible Version,True,31102
1277,CEBPVV,ceb,Cebuano,1973,Cebuano Popular Version,True,0
1278,CEBRPV,ceb,Cebuano,1999,Cebuano Revised Popular Version,True,7922
1284,BCLBPV,bcl,Central Bicolano,1992,Central Bicolano Bikol Popular Version,True,7938
1288,NCHTBL,nch,Central Huasteca Nahuatl,2005,Central Huasteca Nahuatl 2005 Edition,True,7952
1298,PSELAI,pse,Pasemah,1995,The New Testament in Serawai,True,7958
1299,MAZTBL,maz,Mazahua Central,2007,Central Mazahua 2007 Edition,True,0
1303,SMLTBL,sml,Central Sama,2008,Central Sama 2008 Edition,True,7946
1304,ESSWYI,ess,Central Siberian Yupik,2018,WBT Version,True,0
1307,TUFWYI,tuf,Central Tunebo,1987,Central Tunebo 1987 Edition,True,7894
1311,FUQWBT,fuq,Central-Eastern Niger Fulfulde,2015,Eastern Fulfulde New Testament,True,0
1312,CMEWBT,cme,Cerma,2011,Cerma 2011 Edition,True,7958
1313,CBITBL,cbi,Chachi,2008,"Genesis, Exodus and the New Testament in Chachi",True,7953
1316,CCPBIV,ccp,Chakma,2012,Chakma 2012 Edition,True,0
1319,CEGNTP,ceg,Chamacoco,2000,Chamacoco 2000 Edition,True,7958
1324,CBTTBL,cbt,Chayahuita,2011,Chayahuita 2011 Edition,True,7949
1326,CHEIBT,che,Chechen,2012,2012 Edition,True,31145
1328,CHRPDV,chr,Cherokee,,Public Domain Version,True,7957
1332,HNEBGC,hne,Chhattisgarhi,2014,Chhattisgarhi New Testament,True,7959
1334,TRSUTI,trs,Chicahuaxtla Triqui,2015,Triqui Chicahuaxtla,True,7957
1339,QUGSBE,qug,Chimborazo Highland Quichua,2003,The New Testament in Chimborazo Quichua,True,0
1346,NANTTV,,Min Nan Chinese,1990,Today's Taiwanese Version,True,7908
1349,CAPSBB,cap,Chipaya,2004,Chipaya 2004 Edition,True,7958
1352,MAQTBL,maq,Chiquihuitlán Mazatec,1991,Chiquihuite Mazatec 1991 Edition,True,0
1353,CAXSBB,cax,Chiquitano,2002,The New Testament in Chiquitano 2002,True,7956
1357,CDFBIV,cdf,Chiru,2009,New Testament in Chiru,True,7957
1358,CTGBSB,ctg,Chittagonian,,BSB Version,True,0
1359,ZPCTBL,zpc,Choapan Zapotec,2010,Zapoteco del Choapan New Testament,True,7953
1369,CAAWBT,caa,Chortí,1996,Ch'orti'­ 1996 Edition,True,7956
1372,CJVTBL,cjv,Chuave,1992,Chuave 1992 Edition,True,7942
1374,CACSBG,cac,San Sebastián Coatán Chuj,1999,Chuj 1999 Edition,True,0
1375,CNMGVR,cnm,Ixtatán Chuj,2018,2007 Edition,True,0
1376,CNMRGB,cnm,Ixtatán Chuj,,2007 Edition,True,7909
1379,NCUWBT,ncu,Chumburung,1988,Chumburung 1988 Edition,True,7686
1383,CHVIBT,chv,Chuvash,2009,New Testament in Chuvash,True,7950
1385,ASGWBT,asg,Cishingini,2012,The New Testament in Cishingini,True,0
1387,MCOTBL,mco,Coatlán Mixe,1976,Mixe De Coatlan 1976 Edition,True,7950
1388,MIZTBL,miz,Coatzospan Mixtec,2003,Coatzospan Mixtec 2003 Edition,True,0
1389,CONWBT,con,Cofán,1998,Cofán 1998 Edition,True,7898
1390,KOGWBT,kog,Cogui,2014,The New Testament in Kogi-Cogui,True,7958
1391,CSNSLV,csn,Colombian Sign Language,2006,Colombian Sign Language Bible Portions,True,0
1392,COFWBT,cof,Colorado,1990,Colorado Bible,True,7878
1393,CCOTBL,cco,Comaltepec Chinantec,2002,Comaltepec Chinantec 2002 Edition,True,0
1395,SWCSBZ,swc,Congo Swahili,2007,Kiswahili New Testament,True,0
1407,MTATBL,mta,Cotabato Manobo,1988,Cotabato Manobo WBT Version,True,7904
1408,TOCTBL,toc,Coyutla Totonac,2006,Coyutla Totonac 2006 Edition,True,0
1413,CRHIBT,crh,Crimean Turkish,2008,Crimean Tatar 2016 Edition,True,31163
1422,CUBWBT,cub,Cubeo,2009,The New Testament in Cubeo,True,7953
1423,CUIWBT,cui,Cuiba,1987,Cuiba 1987 Edition,True,0
1424,CULWBT,cul,Culina,1978,The Bible in Culina,True,7952
1425,QUZBIV,quz,Cusco Quechua,2011,Cusco Quechua 2011 Edition,True,7958
1426,QUZPBS,quz,Cusco Quechua,2004,Cusco Quechua 2004 Edition,True,31072
1435,KZFLAI,kzf,Da'a Kaili,1998,Da'a Kaili 1998 Today's Da'a Version,True,7870
1437,DSHBTL,dsh,Daasanach,2014,The New Testament in Daasanach,True,7958
1441,DGZWBT,dgz,Daga,2004,Daga 2004 Edition,True,7941
1445,BEVABU,bev,Daloa Bété,1996,The New Testament in Bete Daloa,True,0
1450,DAAWYI,daa,Dangaléat,2012,Dangaléat 2012 Edition,True,7955
1451,THLWYI,thl,Dangaura Tharu,2018,2018 Edition,True,7959
1455,DAND33,dan,Danish,1933,Danish 1933 Danish Bible,True,31169
1460,ASOTBL,aso,Dano,1989,Dano 1989 Edition,True,7911
1462,PRSGNN,prs,Eastern Farsi,2008,Good News for a New Age,True,30023
1464,DLNBIV,dln,Darlong,2014,The Bible in Darlong,True,0
1465,TCCBST,tcc,Datooga,2002,The Bible in Datooga,True,7957
1467,DWWWBT,dww,Dawawa,,2002 Edition,True,7943
1469,DWRTBL,dwr,Dawro,2009,Dawro 2009 Edition,True,7804
1470,DEDWBT,ded,Dedua,2005,Dedua 2005 Edition,True,0
1471,MZWNVS,mzw,Deg,1990,Deg 1990 Edition,True,0
1474,NTRWBT,ntr,Delo,2006,Delo 2006 Edition,True,7931
1475,DDNBIV,ddn,Dendi,1995,The New Testament in Dendi,True,7960
1476,ANVWBT,anv,Denya,2010,Denya 2010 Edition,True,7944
1477,DESWBT,des,Desano,1984,Desano 1984 Edition,True,7744
1484,DIDWBT,did,Didinga,2017,Didinga New Testament,True,0
1486,DIGTBL,dig,Digo,2007,Digo 2007 Edition,True,0
1488,DURABC,dur,Dii,2014,Dii New Testament,True,0
1490,TBZBSB,tbz,Ditammari,2001,Ditammari 2001 Edition,True,31008
1491,XTDTBL,xtd,Diuxi-Tilantongo Mixtec,2001,Diuxi-Tilantongo Mixtec 2001 Edition,True,7953
1493,DJRBSA,djr,Djambarrpuyngu,2008,Djambarrpuyngu New Testament,True,0
1494,DYIIBS,dyi,Djimini Senoufo,1993,Djimini Senoufo 2015 Edition,True,7957
1496,DOBWBT,dob,Dobu,,1985 Edition,True,7936
1497,DOSATA,dos,Dogosé,,ANTBA Version,True,7932
1504,DOWABC,dow,Doyayo,1991,The New Testament in Doyayo,True,0
1508,DUOWBT,duo,Dupaninan Agta,2002,The New Testament in Dupaninan Agta,True,7939
1509,MVPLAI,mvp,Duri,2005,"Duri Today's Duri Version, 2005",True,7950
1510,DUGBTL,dug,Duruma,1999,The Bible in Duruma,True,7938
1514,NLDDSV,nld,Dutch,1750,Dutch 1750 Dutch Staten Vertaling Bible,True,31103
1519,NLDNBV,nld,Dutch,2004,New Bible Translation,True,0
1524,DYUBSB,dyu,Jula,1996,Dyula 1996 Edition,True,0
1526,DYUWYI,dyu,Jula,,2013 Edition,True,31170
1528,DZOEHP,dzo,Dzongkha,2012,Dzongkha 2012 Edition,True,7902
1530,KJSWBT,kjs,East Kewa,2004,The New Testament in East Kewa,True,0
1531,QVETBL,qve,Eastern Apurímac Quechua,2013,Eastern Apurimac Quechua WBT Version,True,7959
1532,GUISBU,gui,Eastern Bolivian Guaraní,2001,Eastern Bolivian Guaraní 2001 Edition,True,7914
1535,BRUNXB,bru,Eastern Bru,2009,Eastern Bru 2009 Edition,True,7921
1542,CLYAVA,cly,Eastern Highland Chatino,2001,Eastern Highland Chatino 2001 Edition,True,0
1547,NHETBL,nhe,Eastern Huasteca Nahuatl,2005,Eastern Huasteca Nahuatl 2005 Edition,True,7958
1549,XRBWBT,xrb,Eastern Karaboro,1993,Eastern Karaboro 1993 Edition,True,7925
1552,MHRIBT,mhr,Eastern Mari,1986,Eastern Mari Institute for Bible Translation,True,7946
1553,DJKWBT,djk,Aukan,1999,Eastern Maroon Creole 1999 Edition,True,7877
1554,HAEBSE,hae,Eastern Oromo,2005,Eastern Oromo 2005 Edition,True,0
1555,PEZBSM,pez,Eastern Penan,2011,"The New Testament in Penan, Eastern",True,7954
1556,TAJWBT,taj,Eastern Tamang,2011,Eastern Tamang 2011 Edition,True,7922
1557,BNJOMF,bnj,Eastern Tawbuid,1996,New Testament in Eastern Tawbuid,True,7944
1567,EFKBSN,efi,Efik,1985,The New Testament in Efik,True,0
1568,EGOBSN,ego,Eggon,1974,The New Testament in Eggon,True,0
1569,ETUBSC,etu,Ejagham,2009,The New Testament in Ejagham,True,0
1571,EKAWYI,eka,Ekajuk,2012,Ekajuk 2012 Edition,True,7958
1572,CRNWBT,crn,El Nayar Cora,2008,The Bible in Presidio de Los Reyes,True,7955
1575,EBUBSK,ebu,Embu,2002,Kiembu New Testament (2002 Edition),True,0
1578,ENQPNG,enq,Enga,1988,The New Testament in Enga,True,7936
1579,ENGESV,eng,English,2001,English Standard Version,True,0
1580,ENGNIV,eng,English,1978,New International Version,True,0
1581,ENGKJV,eng,English,1611,King James Version,True,31102
1582,ENGCEV,eng,English,1995,Contemporary English Version,True,0
1584,ENGNAB,eng,English,1970,New American Bible,True,0
1585,ENGWEB,eng,English,1997,World English Bible,True,31102
1586,ENGNAS,eng,English,,NAS New American Standard Bible,True,0
1587,ENGNLV,eng,English,1986,New Life Version,True,0
1588,ENGEVD,eng,English,2006,English Version for the Deaf,True,30963
1592,ENGASV,eng,English,1901,American Standard Version,True,31102
1657,ENGREV,eng,English,,Revised Version 1885,True,31102
1675,ENGWM1,eng,English,,World Messianic Version,True,31102
1678,ENGWMV,eng,English,,Wycliffe Modern Version,True,31104
1720,SJATBL,sja,Epena,2005,Epena 2005 Edition,True,7930
1721,MYVIBT,myv,Erzya,1827,The Bible in Erzya,True,7955
1733,NOUWBT,nou,Ewage-Notu,,1987 Edition,True,7945
1735,EWEIBS,ewe,Éwé,1988,Ewe 1988 Edition (Togo),True,0
1738,EZAWBT,eza,Ezaa,2014,2014 Edition,True,0
1739,FAIPNG,fai,Faiwol,1995,The New Testament in Faiwol,True,0
1741,FLMBIV,cfm,Falam Chin,2009,2009 Edition,True,7957
1748,FAAWBT,faa,Fasu,2012,Fasu 2012 Edition,True,7944
1749,FARWBT,far,Fataleka,,WBT Version,True,7951
1750,HIFBSP,hif,Fijian Hindustani,2002,Fiji Hindi BSSP Edition,True,7863
1751,FIJBSP,fij,Fijian,2005,Fijian New Version,True,7957
1755,FINELC,fin,Finnish,,1992 The Evangelical Lutheran Church of Finland,True,0
1761,FIPBST,fip,Fipa,,1988 Edition,True,0
1763,PPOWBT,ppo,Folopa,,2005 Edition,True,7916
1765,FONBSB,fon,Fon,2013,AKƆJIJƐYƆ̌YƆ́ Ɔ́ WÉMAMA,True,0
1767,FRDWBT,frd,Fordata,2016,2016 Edition,True,0
1768,FORBSV,for,Fore,,1974 Edition,True,7958
1770,ZOSTBL,zos,Francisco León Zoque,1984,Francisco Leon Zoque 1984 Edition,True,0
1793,FRNO96,fra,French,,Ostervald Version,True,0
1794,FRNTLS,fra,French,1910,1910 Louis Segond (Tresorsonore recording),True,0
1801,FSLSLV,fsl,French Sign Language,2010,French Sign Language Bible Portions,True,0
1810,GAGIB1,gag,Gagauz,,2006 Edition (Cyrillic),True,7954
1813,GAGIBT,gag,Gagauz,,2006 Edition (Latin),True,7954
1816,GBILAI,gbi,Galela,2002,Galela 2002 Edition,True,7948
1817,CARBSS,car,Carib,2003,Galibi Carib 2003 Edition,True,7929
1820,GMVTBL,gmv,Gamo,2009,Gamo 2009 Edition,True,7842
1826,PWGWBT,pwg,Gapapaiwa,2009,Gapapaiwa 2009 Edition,True,7929
1830,CABNVS,cab,Garifuna,2002,Garifuna 2002 Edition,True,7947
1831,GRTBBS,grt,Garo,2004,Garo 2004 Edition,True,7813
1837,GEJBS2,gej,Gen,2004,Gen 2004 Edition,True,7958
1868,BBJABC,bbj,Ghomálá',2002,Ghomala New Testament,True,0
1869,GIDABC,gid,Gidar,1985,Gidar New Testament,True,0
1870,ACDWBT,acd,Gikyode,2001,Gikyode 2001 Edition,True,7911
1873,GILBSP,gil,Kiribati,2004,Gilbertese 2016 Edition,True,0
1875,BBRWBT,bbr,Girawa,1994,Girawa 1994 Edition,True,7923
1876,NYFBTL,nyf,Giryama,2004,Giryama 2004 Edition,True,7956
1879,GOFTBL,gof,Gofa,2009,Gofa 2009 Edition (Latin script),True,7958
1880,GOGBST,gog,Gogo,2002,Gogo 2002 Edition,True,7957
1881,GKNIBS,gkn,Gokana,1996,Gokana 1996 Edition,True,0
1883,GVFWBT,gvf,Golin,1980,Golin 1980 Edition,True,7952
1886,GQRWBT,gqr,Gor,2014,Gor 2014 Edition,True,7957
1887,GORLAI,gor,Gorontalo,2010,"Gorontalo Today's Version, 2010",True,0
1889,GUXABB,gux,Gourmanchéma,2003,2003 Edition,True,7950
1893,GUHWBT,guh,Guahibo,2002,Guahibo 2002 Edition,True,7884
1894,GUBWBT,gub,Guajajára,2007,Guajajảra 2007 Edition,True,30187
1895,GUMTBL,gum,Guambiano,2000,Guambiano 2000 Edition,True,7957
1896,GVCTBL,gvc,Guanano,2007,Guanano 2007 Edition,True,0
1899,GYRSBB,gyr,Guarayu,2002,The New Testament in Guarayu,True,7936
1900,GUOWBT,guo,Guayabero,2009,Guayabero WBT Edition,True,7800
1901,GDEWBT,gde,Gude,1999,Gude 1999 Edition,True,7940
1903,AMUMVR,amu,Guerrero Amuzgo,,1999 Edition,True,7947
1906,NGUTBL,ngu,Guerrero Nahuatl,1987,The New Testament in Guerrero Nahuatl,True,7933
1908,GHSPNG,ghs,Guhu-Samane,,1975 Edition,True,7905
1915,GUJWTC,guj,Gujarati,1997,Gujarati: Easy to Read Version,True,30928
1916,GVLABT,gvl,Gulay,2004,Gulei New Testament,True,7958
1917,AFBGNV,afb,Gulf Spoken Arabic,2018,Good News Bible – Gulf Arabic,True,0
1919,GUKBSE,guk,Gumuz,2003,Gumuz 2003 Edition,True,0
1921,GUWNVS,guw,Gun,1987,The New Testament in Gun-Alada,True,0
1922,RUBWBT,rub,Gungu,2017,2017 Edition,True,0
1924,DAHPNG,dah,Gwahatike,2000,The New Testament in Gwahatike,True,0
1926,GWRWBT,gwr,Gwere,,2017 Edition,True,7951
1931,GWIWBT,gwi,Gwich'in,,2010 Edition,True,0
1934,HATBIV,hat,Haitian Creole French,2016,2016 Edition,True,7957
1936,HATSBH,hat,Haitian Creole French,1999,Haitian 1999 Edition,True,7949
1937,CNHBSM,cnh,Haka Chin,2005,Hakha Common Language Bible,True,31087
1940,HAKTHV,hak,Hakka Chinese,1993,Today's Taiwanese Hakka Bible,True,7908
1944,KHKMUB,khk,Halh Mongolian,2013,2013 Edition,True,0
1947,HLAPNG,hla,Halia,,1978 Edition,True,7949
1948,AMFSIM,amf,Hamer-Banna,2014,The New Testament in Banna,True,7954
1951,HAGGIL,hag,Hanga,1983,Hanga 1983 Edition,True,7694
1952,WOSWBT,wos,Hanga Hundi,1997,Hanga Hundi 1997 Edition,True,7958
1953,HNNOMF,hnn,Hanunoo,1995,Hanunoo 1995 Edition,True,7946
1958,HAUCLV,hau,Hausa,,Common Language Version,True,0
1964,HAYBST,hay,Haya,2001,Haya 2001 Edition,True,0
1966,XEDWYI,xed,Hdi,2013,Hdi 2013 Edition,True,7957
1977,HEHBST,heh,Hehe,1999,Hehe 1999 Edition,True,7958
1983,AZZTBL,azz,Highland Puebla Nahuatl,1979,Highland Puebla Nahuatl 1979 Edition,True,7947
1984,TOSTBL,tos,Highland Totonac,1999,Highland Totonac 1999 Edition,True,7911
1986,HILHPV,hil,Hiligaynon,1983,Hiligaynon 1983 Popular Version,True,7953
1993,HNDSKV,hin,Hindi,,Sab Ki Version,True,0
1995,HMOPNG,hmo,Hiri Motu,1994,Hiri Motu 1994 Edition,True,30911
1998,MWWHDV,mww,Hmong Daw,2000,Hmong Daw 2000 Edition,True,0
2007,HOTWBT,hot,Hote,2010,The New Testament in Hote,True,7924
2010,QUBPBS,qub,Huallaga Huánuco Quechua,2010,Huallaga Quechua WBT Version,True,7958
2012,HUBWBT,hub,Huambisa,2010,Huambisa 2010 Edition,True,7744
2014,HUSLLB,hus,Veracruz Huastec,2005,Veracruz Huastec 2005 Edition,True,0
2018,QWHLLB,qwh,Huaylas Ancash Quechua,2007,Huaylas Ancash Quechua 2007 Edition,True,7885
2019,QVWTBL,qvw,Huaylla Wanca Quechua,2006,Huaylla Wanca Quechua 2006 Edition,True,7643
2020,TEETBL,tee,Huehuetla Tepehua,1976,Huehuetla Tepehua 1976 Edition,True,0
2022,HUIPNG,hui,Huli,2002,Huli 2002 Edition,True,34855
2027,HUNHBS,hun,Hungarian,1975,The New Translation,True,0
2029,HUNK90,hun,Hungarian,,1590 Károli Bible,True,31165
2038,YMLTBL,yml,Iamalele,1988,Iamalele 1988 Edition,True,7917
2040,IANPNG,ian,Iatmul,,1975 Edition,True,7907
2043,IBATIV,iba,Iban,1999,Today's Iban Version,True,7940
2053,IDUBSN,idu,Idoma,1970,The New Testament in Idoma,True,0
2054,VIVWBT,viv,Iduna,2003,Iduna 2003 Edition,True,7934
2055,IFEWBT,ife,Ifè,2009,Ifè 2009 Edition,True,7953
2059,IGEBSN,ige,Igede,2005,Igede New Testament,True,0
2060,IGNSBB,ign,Ignaciano,2004,Ignaciano 2004 Edition,True,7957
2069,ILORPV,ilo,Ilocano,1996,Iloko 1996 Revised Popular Version,True,0
2072,IMOTBL,imo,Imbongu,1997,Imbongu 1997 Edition,True,7938
2081,INDSHV,ind,Indonesian,1994,Indonesian Sehari-hari,True,30327
2086,INZNTV,inz,Ineseno,,"Indonesian New Translation (formal) Version, 1974",True,31172
2087,INBWBT,inb,Inga,1996,Inga 1996 Edition,True,7940
2089,INOTBL,ino,Inoke-Yate,1992,Inoke-Yate 1992 Edition,True,7933
2090,NKFBIV,nkf,Inpui Naga,2011,The New Testament in Inpui Naga,True,7957
2094,IPIPNG,ipi,Ipili,,2008 Edition,True,0
2101,PESTPV,pes,Western Farsi,2007,Today's Persian Version,True,7958
2103,IRKBST,irk,Iraqw,2003,Iraqw 2003 Edition,True,7957
2104,IRYOMF,iry,Iraya,1991,Iraya 1991 Edition,True,7912
2105,IRIWYI,iri,Irigwe,2012,Irigwe 2012 Edition,True,7959
2113,ICRWYI,icr,Islander Creole English,2015,San Andres Islander Creole New Testament,True,7956
2116,MIRTBL,mir,Isthmus Mixe,1988,Isthmus Mixe 1988 Edition,True,0
2118,ZAITBL,zai,Isthmus Zapotec,1988,Isthmus Zapotec 1988 Edition,True,7931
2131,ITAR27,ita,Italian,1927,1927 Riveduta Bibbia,True,31102
2135,ITVSTP,itv,Itawit,2009,Itawit Scripture Translation for Every People 2009,True,7949
2145,ATGWYI,atg,Ivbie North-Okpela-Arhe,2012,Ivbie North-Okpela-Arhe 2012 Edition,True,0
2146,KBMTBL,kbm,Iwal,1984,The New Testament in Iwal,True,7871
2149,IXLWBT,ixl,San Juan Cotzal Ixil,,San Juan Cotzal - 2001 Edition,True,0
2153,IXIWBT,ixi,Nebaj Ixil,,Nebaj - 2008 Edition,True,7958
2154,NCAWBT,nca,Iyo,2009,The New Testament in Iyo,True,7956
2157,IZZTBL,izz,Izii,,WBT Version,True,0
2159,JACWBT,jac,Eastern Jacalteco,1997,The New Testament in Eastern Jakalteko,True,0
2161,MAJTBL,maj,Jalapa de Díaz Mazatec,2013,Jalapa de Díaz Mazatec 2013 Edition,True,7958
2162,JAMBSW,jam,Jamaican Creole English,2012,Jamaican Creole English 2012 Edition,True,7943
2163,MXTTBL,mxt,Jamiltepec Mixtec,1983,Jamiltepec Mixtec 1983 Edition,True,7918
2165,JPNCJV,jpn,Japanese,1955,Japanese 1955 Colloquial Japanese,True,0
2170,JPNNIT,jpn,Japanese,1987,Japanese New Interconfessional Translation,True,0
2175,JSLSLV,jsl,Japanese Sign Language,1996,Japanese Sign Language Bible Portions,True,0
2180,JAVNRF,jav,Javanese,2006,"Javanese New Revised (formal) Version, 2006",True,7959
2182,KAJBSN,kaj,Jju,1982,The New Testament in Jju,True,0
2183,DYOBSG,dyo,Jola-Fonyi,2011,Jola-Fonyi 2011 Edition,True,7959
2184,CSKATB,csk,Jola-Kasa,2008,Jola-Kasa 2008 Edition,True,7954
2185,JUNWIN,jun,Juang,2016,Juang New Testament,True,0
2186,JBUIBS,jbu,Jukun Takum,1994,Jukun Takum 1994 Edition,True,7942
2187,MXQTBL,mxq,Juquila Mixe,2004,Juquila Mixe 2004 Edition,True,0
2188,BEXWBT,bex,Jur Modo,1998,Jur Modo 1998 Edition,True,7957
2190,QUCBLA,quc,Central Quiché,2011,K'iche' Catholic Biblia Latinoamericana (2011),True,7941
2197,QUJPMC,quj,Joyabaj Quiché,,1999 Edition,True,7939
2198,QUTIBS,qut,West Central Quiché,,1997 Edition,True,7955
2199,GNAWBT,gna,Kaansa,2001,The New Testament in Kaansa,True,7835
2201,KBPABT,kbp,Kabiyé,1995,Kabiyè 1995,True,7954
2202,KBPBIV,kbp,Kabiyé,2011,Kabiyè Bibles International Version,True,7955
2204,KBPRCV,kbp,Kabiyé,2010,Kabiyè Roman Catholic Version,True,7954
2206,KABCEB,kab,Kabyle,2018,ACEB Version,True,0
2209,KACUBS,kac,Jingpho,2006,Kachin Hanson Version,True,30944
2210,DTPBSM,dtp,Central Dusun,2007,Today's Dusun Version Revised,True,30471
2213,KBRSIM,kbr,Kafa,2010,Kafa 2010 Edition,True,7683
2214,CGCTBL,cgc,Kagayanen,2007,Kagayanen 2007 Edition,True,7948
2215,KKIBST,kki,Kagulu,2009,Kagulu 2009 Edition,True,7958
2221,KKJWBT,kkj,Kako,1999,Kako 1999 Edition,True,7946
2222,KEOBSU,keo,Kakwa,1977,Kakwa 1977 Editions,True,7959
2227,KQETBL,kqe,Kalagan,,2012 Edition,True,7959
2228,AA1WBT,kmh,Kalam,,2008 Edition,True,7904
2231,AAHWBT,kmh,Kalam,2008,The New Testament in Abu,True,7904
2232,KCKBSB,kck,Kalanga,2009,The New Testament in Kalanga,True,0
2234,KLNUBS,kln,Kalenjin,1968,The New Testament in Kalenjin,True,0
2236,XALIBT,xal,Kalmyk-Oirat,2002,2006 Edition,True,7647
2240,KMSPNG,kms,Kamasau,1998,The New Testament in Kamasau,True,7955
2242,KTBBSE,ktb,Kambaata,2011,Kambaata Bible Society Version,True,0
2243,XLAPNG,xla,Kamula,2005,Kamula 2005 Edition,True,7928
2244,HIGTBL,hig,Kamwe,1997,Kamwe 1997 Edition,True,7911
2245,SOQWBT,soq,Kanasi,1997,The New Testament in Kansi,True,7933
2247,GAMWBT,gam,Kandawo,2014,The New Testament in Kandawo,True,7947
2251,KMUTBL,kmu,Kanite,,2002 Edition,True,7945
2253,KNETBL,kne,Kankanaey,2000,Kankanaey Bible,True,7947
2263,CAKSBG,cak,Central Cakchiquel,2003,"Cakchiquel, Central 2003 Edition",True,0
2274,CKIWBT,cak,Central Cakchiquel,2013,Santa María Cakchiquel New Testament,True,7958
2275,CKKWBT,ckk,Acatenango Southwestern Cakchiquel,,1990 Edition,True,7950
2277,LEUTBL,leu,Kara,,1997 Edition,True,7953
2278,KAAIBT,kaa,Karakalpak,2004,Kara-Kalpak 2004 Edition,True,7941
2279,KRCLIO,krc,Karachay-Balkar,2000,Karachay-Balkar 2000 Edition,True,0
2281,KDJBSU,kdj,Karamojong,1996,Karamojong 1996 Edition,True,7958
2284,YUJWBT,yuj,Karkar-Yuri,1994,The New Testament in Karkar-Yuri,True,0
2285,XSMBFV,xsm,Kasem,1997,Kasem 1997 Edition (Burkina Faso),True,0
2286,XSMWBT,xsm,Kasem,2003,Kasem 2003 Edition (Ghana),True,7957
2289,PSSBIV,pss,Kaulong,2015,The New Testament in Kaulong,True,7957
2290,KYZWBT,kyz,Kayabí,1999,Kayabí­ 1999 Edition,True,0
2291,TXUTBL,txu,Kayapó,1996,Kayapὀ 1996 Edition,True,7675
2294,KAZKAZ,kaz,Kazakh,2010,Kazakh Bible 2010,True,31062
2295,KHZPNG,khz,Keapara,2005,Keapara 2005 Edition,True,7958
2296,BMHWBT,bmh,Kein,2005,Kein 2005 Edition,True,7922
2297,KEKIBS,kek,Kekchí,2008,Kekchi 2008 Edition,True,7958
2298,KEKSBG,kek,Kekchí,2005,Kekchi 2005 Catholic Edition,True,0
2301,IFYWBT,ify,Keley-I Kallahan,2008,Keley-I Kallahan 2008 Edition,True,30632
2302,KBOWBT,kbo,Keliko,,Wycliffe Bible Translators Version,True,0
2304,KYQWYI,kyq,Kenga,,2012 Edition,True,7932
2306,KENWBT,ken,Kenyang,2010,Kenyang 2010 Edition,True,7948
2307,KERABT,ker,Kera,2004,Kera 2004 Edition,True,0
2308,KYGTBL,kyg,Keyagana,2001,Keyagana 2013 Edition,True,7954
2310,KJHIBT,kjh,Khakas,2009,New Testament in Khakas,True,0
2311,OGOBSN,ogo,Khana,1968,The New Testament in Khana,True,0
2318,CNKBSM,cnk,Khumi Chin,2005,Khumi Chin 2005 Edition,True,0
2319,KIKBSK,kik,Gikuyu,1965,The New Testament in Gikuyu,True,0
2321,KIJPNG,kij,Kilivila,2011,Kilivila 2011 Edition,True,7918
2323,KIAWBT,kia,Kim,2017,Garap-Kim New Testament,True,7955
2325,KQPWBT,kqp,Kimré,2007,Kimré 2007 Edition,True,7956
2326,KRJWBT,krj,Kinaray-A,2009,Kinaray-A 2009 Edition,True,7957
2336,KIRBSK,kir,Kirghiz,2005,Kyrgyz New Testament (2005),True,0
2341,KJEWBT,kje,Kisar,,2007 Edition,True,7843
2346,KLUBSL,klu,Klao,1998,The New Testament in Klao,True,0
2348,KPWPNG,kpw,Kobon,2005,The New Testament in Kobon,True,7940
2350,KPMDVS,kpm,Koho,1950,The New Testament in Koho,True,0
2353,BKMBSC,bkm,Kom,2004,The New Testament in Kom,True,0
2358,KPFWBT,kpf,Komba,,1980 Edition,True,7949
2362,KPVIBT,kpv,Komi-Zyrian,1979,Komi-Zyrian IBT Version,True,7932
2363,KFCKSS,kfc,Konda-Dora,2006,The New Testament in Konda-Dora,True,0
2369,KMAWBT,kma,Konni,,2004 Edition,True,7948
2370,KNOBSL,kno,Kono,2006,Kono (Sierra Leone) 2006 Edition,True,7877
2371,KXCBSE,kxc,Komso,2001,Konso 2001 Edition,True,7957
2375,OZMTBL,ozm,Koonzime,1998,Koonzime 1998 Edition,True,7912
2376,KQYBSE,kqy,Koorete,2011,Koorete Bible Society Version,True,7955
2377,KPRTBL,kpr,Korafe,2003,Korafe-Yegha 2003 Edition,True,7647
2383,KORKRV,kor,Korean,1961,The Revised Korean Bible (New Script),True,0
2388,COEWBT,coe,Koreguaje,2007,Koreguaje 2007 Edition,True,7737
2389,BPRWYI,bpr,Koronadal Blaan,1995,Koronadal Blaan 1995 Edition,True,7928
2393,KZEWBT,kze,Kosena,1980,Kosena 1980 Edition,True,7930
2396,KYFWBT,kyf,Kouya,2002,Kouya 2002 Edition,True,7937
2397,KFFIEM,kff,Koya,2006,Koya 2008 Edition,True,0
2398,KHQBIV,khq,Koyra Chiini Songhay,2018,2017 Edition,True,0
2407,KSDPNG,ksd,Kuanua,1983,Kuanua 1983 Edition,True,31096
2410,KGFGBT,kgf,Kube,2007,Kube 2007 Edition,True,7950
2412,KEZLCN,kez,Kukele,1979,Kukele 1979 Edition,True,7936
2417,KLENLI,kle,Kulung,2016,2016 Edition,True,0
2418,KDIBSU,kdi,Kumam,2013,2006 Edition,True,7958
2420,KUEPNG,kue,Kuman,2008,Kuman 2008 Edition,True,7959
2421,KUMIBT,kum,Kumyk,2007,Kumyk 2007 Edition,True,7835
2422,KDNBSZ,kdn,Kunda,2007,ChiKunda New Testament,True,0
2425,KUPTBL,kup,Kunimaipa,2002,The New Testament in Kunimaipa,True,7904
2426,XUOWBT,xuo,Kuo,2013,Kuo 2013 Edition,True,7953
2428,KTOWBT,kto,Kuot,,2001 Edition,True,7942
2431,KPZBSU,kpz,Kupsabiny,1995,Kupsabiny 1995 Edition,True,7955
2432,KNKBSL,knk,Kuranko,2005,Kuranko 2005 Edition,True,7900
2439,KRUFMP,kru,Kurux,2012,Friends Missionary Prayer Band Version,True,0
2440,KUSTBL,kus,Kusaal,1996,Kusaal 1996 Edition,True,7954
2441,KUBTBL,kub,Kutep,1995,Kutep 1995 Edition,True,7928
2442,KDCPBT,kdc,Kutu,2014,The New Testament in Kutu,True,7959
2443,BLHLBT,blh,Kuwaa,1988,Kuwaa 1988 Edition,True,0
2444,CWTATB,cwt,Kuwaataay,2000,Kuwaataay 2000 Edition,True,7912
2446,TNKWBT,tnk,Kwamera,2013,Kwamera 2013 Edition,True,0
2447,KWJWBT,kwj,Kwanga,1992,Kwanga New Testament,True,7958
2450,KNPABC,knp,Kwanja,2006,Kwanja 2006 Edition,True,0
2451,KWFWBT,kwf,Kwara'ae,2003,Kwara'ae 2003 Edition,True,7877
2452,CWEPBT,cwe,Kwere,2014,The New Testament in Kwere,True,7956
2453,KMOWBT,kmo,Kwoma,1974,The New Testament in Washkuk,True,7953
2454,KYCPNG,kyc,Kyaka,1973,Kyaka Bible Society Version,True,7896
2462,DTBWBT,dtb,Labuk-Kinabatangan Kadazan,,1996 Edition,True,7904
2463,LACTBL,lac,Lacandon,1978,The New Testament in Lacandon,True,0
2464,ZPLTBL,zpl,Lachixío Zapotec,2010,The New Testament in Lachixi­o Zapotec,True,0
2466,LHUTBS,lhu,Lahu,1989,Lahu 1989 Edition,True,0
2479,QUFLLB,quf,Lambayeque Quechua,2008,"The New Testament in Quechua, Lambayeque",True,7950
2480,LAIBSM,lai,Lambya,2015,2015 Edition,True,0
2482,LMKBIV,lmk,Lamkang,,2001 Edition,True,7959
2484,LNSCAB,lns,Lamnso',2014,2014 Edition,True,0
2485,LJPLAI,ljp,Lampung,2002,Lampung Api 2002 Today's Lampung Version,True,7904
2486,LAJBSU,laj,Lango,1978,Lango (Uganda) 1978 Edition,True,7956
2489,LAOUBS,lao,Lao,2011,Lao Common Language Bible,True,0
2490,LSIBSM,lsi,Lashi,2009,Lacid Common Language Bible,True,0
2500,LAWNTM,law,Lauje,,NTM Version,True,7904
2501,CLETBL,cle,Lealao Chinantec,2008,Lealao Chinantec 2008 Edition,True,7959
2502,LEWLAI,lew,Ledo Kaili,1999,Ledo Kaili 1999 Edition,True,7953
2506,LEFTBL,lef,Lelemi,1995,Lelemi 1995 Edition,True,7957
2509,LWWWBT,lww,Lewo,2016,2016 Edition,True,0
2514,XPEUBS,xpe,Liberia Kpelle,1967,Liberian Kpelle New Testament,True,0
2516,LIFWBT,lif,Limbu,2009,Limbu 2009 Edition,True,7875
2525,LISTCM,lis,Lisu,1938,Lisu North Thailand Christian Mission,True,7950
2532,LITLVK,lit,Lithuanian,1990,LVK Edition,True,0
2534,LOBBSB,lob,Lobi,1984,Lobi 1984 Edition,True,7960
2537,YAZTBL,yaz,Lokaa,1996,Lokaa 2006 Edition,True,7958
2540,YCLNVS,ycl,Central Yi,2018,NVS Version,True,7754
2541,LOMBSL,lom,Loma,1971,Loma New Testament,True,0
2544,NGLRLV,ngl,Lomwe,2017,2017 Edition,True,0
2546,UVLWBT,uvl,Lote,,2009 Edition,True,7954
2548,TACPBC,tac,Lowland Tarahumara,2008,Lowland Tarahumara 2008 Edition,True,0
2549,LOZBSZ,loz,Lozi,1951,Lozi 1951 Edition,True,0
2550,LEXWBT,lex,Luang,2014,Luang New Testament and Portions,True,7886
2551,LUBDRC,lub,Luba-Katanga,2003,Luba-Katanga 2003 Edition,True,0
2553,KNBTAP,knb,Lubuagan Kalinga,2013,2013 Edition,True,0
2559,DOPBSB,dop,Lukpa,1999,Lukpa 2001 Edition,True,7950
2562,LUNBSZ,lun,Lunda,2003,The New Testament in Lunda,True,0
2565,LNDBSM,lnd,Lundayeh,1982,Lun Bawang/Lun Dayeh Bible (1982),True,30532
2569,LUSBIV,lus,Mizo,,2005 Edition,True,7956
2572,NDYBIV,ndy,Lutos,2014,The New Testament in Rito-Lutos,True,7958
2575,LWOWBT,lwo,Luwo,2003,Luwo 2003 Edition,True,7818
2576,LEEWBT,lee,Lyélé,2001,Lyele 2001 Edition,True,7915
2577,MHYLAI,mhy,Ma'anyan,1999,Ma'anyan 1999 Edition,True,7906
2578,MHIBSU,mhi,Ma'di,1977,Ma'di 1977 Edition,True,7955
2581,MFZBSS,mfz,Mabaan,2002,Mabaan 2002 Edition,True,7884
2584,MKDMKV,mkd,Macedonian,,Konstantinov,True,0
2586,JMCBST,jmc,Machame,2000,Machame 2000 Edition,True,7958
2587,MCBTBL,mcb,Machiguenga,1997,Machiguenga 2011 Edition,True,7951
2589,MPDNTM,mpd,Machinere,2008,2008 Edition,True,0
2590,MYYWBT,myy,Macuna,1989,New Testament in Macuna,True,7944
2592,MDAWBT,mda,Mada,1999,Mada (Nigeria) 1999 Edition,True,7936
2594,MADIBS,mad,Madura,1994,"Madurese Today's Madura Version, 1994",True,29777
2596,SGBTBL,sgb,Mag-Anchi Ayta,2006,Mag-antsi Ayta 2006 Edition,True,7941
2597,MAGSSI,mag,Magahi,2014,The New Testament in Magahi,True,7899
2605,MAIWBT,mai,Maithili,2010,Maithili WBT Version,True,7958
2607,MTIWBT,mti,Maiwa,,2011 Edition,True,7940
2609,MCPWBT,mcp,Makaa,2014,The New Testament in Makaa,True,0
2610,MAKLAI,mak,Makasar,1999,"Makasar Today's Makassar Version, 1999",True,0
2612,MGHPBT,mgh,Makhuwa-Meetto,2015,Makua New Testament 2015,True,0
2617,MLGDPV,mlg,Malagasy,1965,Malagasy Protestant Version,True,0
2618,MLGEIV,mlg,Malagasy,2003,Malagasy Interconfessional Version,True,7957
2620,MLGRCV,mlg,Malagasy,2003,Malagasy Roman Catholic Version,True,35224
2621,MLGRPV,mlg,Malagasy,,Revised Protestant Version,True,0
2623,SWKBSM,swk,Malawi Sena,2004,Chisena New Testament,True,0
2625,ZLMAVB,zlm,Malay,2015,Malay Bible: Borneo Version,True,31104
2637,BFOBSB,bfo,Malba Birifor,1993,Malba Birifor 1993 Edition,True,7941
2638,MDYBSE,mdy,Male,2007,Male (Ethiopia) 2007 Edition,True,30744
2644,MUPNLL,mup,Malvi,2012,Malvi 2012 Edition,True,7959
2648,MVCNVS,mvc,Central Mam,2008,The New Testament in Central Mam,True,7882
2651,MMSBSG,mms,Southern Mam,,2009 Edition,True,7957
2652,MAMSBG,mam,Northern Mam,2000,Todos Santos Mam 1993 Edition,True,30992
2653,MVJWBT,mvj,Todos Santos Cuchumatán Mam,,2000 Edition,True,0
2654,MYKWBT,myk,Mamara Senoufo,2006,Mamara Senoufo 2006 Edition,True,7958
2655,MQJLAI,mqj,Mamasa,,2011 Edition,True,7887
2657,MGRBSZ,mgr,Mambwe-Lungu,2013,Mambwe-Lungu Bible 2005 Edition,True,0
2658,MAWWBT,maw,Mampruli,2001,Mampruli 2001 Edition,True,0
2659,XMMLAI,xmm,Manado Malay,2017,2017 Edition,True,7955
2660,MVABTA,mva,Manam,,1996 Edition,True,7957
2693,MNKBSG,mnk,Mandinka,2011,Mandinka 2011 Edition,True,7958
2694,MMOWBT,mmo,Mangga Buang,1981,Mangga Buang 1981 Edition,True,7958
2696,MBHTBL,mbh,Mangseng,1991,The New Testament in Mangseng,True,0
2698,KNFWYI,knf,Mankanya,,2014 Edition,True,0
2699,MEVBSL,mev,Mann,1978,The New Testament in Mano,True,0
2709,MLHPNG,mlh,Mape,2008,The New Testament in Mape,True,0
2711,BZHPNG,bzh,Mapos Buang,2003, Buang (Mapos) New Testament 2003,True,7957
2715,MRWNVS,mrw,Maranao,2013,Maranao 2013 Edition,True,30720
2720,MARWTC,mar,Marathi,2006,Easy-to-Read Marathi Bible,True,0
2722,MRTBSN,mrt,Marghi Central,1985,The New Testament in Central Marghi,True,0
2723,QVMTBL,qvm,Margos-Yarowilca-Lauricocha Quechua,2003,Margos-Yarowilca-Lauricocha Quechua 2003 Edition,True,7455
2724,DADWBT,dad,Marik,2011,Marik 2011 Edition,True,7942
2725,ENBBTL,enb,Endo,2008,Markweeta 2008 Edition,True,7906
2728,MHXBSM,mhx,Maru,2003,Maru 2003 Edition,True,7920
2730,MYXBSU,myx,Masaba,2008,Masaaba 2008 Edition,True,7958
2733,MCNABC,mcn,Masana,2001,The New Testament in Massana,True,0
2735,KLVWBT,klv,Maskelynes,2013,The New Testament in Maskelynes,True,0
2736,MFHWYI,mfh,Matal,1989,Matal 1989 Edition,True,7952
2737,MBTWBT,mbt,Matigsalug Manobo,2010,The New Testament in Matigsalug Manobo,True,7926
2738,ME1PNG,met,Mato,,Wycliffe Bible Translators Version,True,7918
2741,MHLPNG,mhl,Mauwake,1998,Mauwake 1998 Edition,True,7919
2745,MFYWBT,mfy,Mayo,2014,Mayo WBT Version,True,7958
2746,MDMWYI,mdm,Mayogo,2015,Mayogo New Testament,True,0
2747,IFUWPS,ifu,Mayoyao Ifugao,2004,Mayoyao Ifugao 2004 Edition,True,7941
2748,MAASAV,maa,San Jerónimo Tecóatl Mazatec,2012,San Jerónimo Tecuanipan Mazatec 2011 (San Antonio),True,7958
2751,MQBWBT,mqb,Mbuko,2010,Mbuko 2010 Edition,True,7954
2756,GUNWBT,gun,Mbyá Guaraní,2004,Guaraní Mnyá­ 2004 Edition,True,7957
2757,BYVABC,byv,Medumba,1993,The New Testament in Medumba,True,0
2758,MEKPNG,mek,Mekeo,1998,The New Testament in Mekeo,True,7956
2759,MEDPNG,med,Melpa,1995,Melpa 1995 Edition,True,7924
2760,SIMPNG,sim,Mende,2005,Mende 2005 Edition,True,7933
2761,MENBSL,men,Mende,2002,Mende (Sierra Leone) 2002 Edition,True,7929
2762,MEETBL,mee,Mengen,2003,Mengen 2003 Edition,True,7956
2763,MWVLAI,mwv,Mentawai,1993,"Mentawai Today's Mentawai Version, 1993",True,7958
2764,MCRPNG,mcr,Menya,,Portions of the Bible in Menya,True,0
2765,MEQWBT,meq,Merey,2012,Merey 2012 Edition,True,7949
2767,MERUBS,mer,Meru,2010,Kimeru 2010 Edition,True,0
2769,ACMAS3,acm,Mesopotamian Spoken Arabic,2005,Arabic Sharif (Iraqi) Version,True,7959
2772,MXVWBT,mxv,Metlatónoc Mixtec,2017,2017 Edition,True,0
2773,MEJTBL,mej,Meyah,1997,Meyah WBT Version,True,0
2774,OTETBL,ote,Mezquital Otomi,1990,Mezquital Otomi 1990 Edition,True,7957
2778,ZAMILM,zam,Miahuatlán Zapotec,1971,Miahuatlan Zapotec 1971 Edition,True,0
2780,MPTWBT,mpt,Mian,,1986 Edition,True,7933
2791,MINLAI,min,Minangkabau,2010,"Minangkabau Today's Minang Version, 2010",True,7945
2793,HTOWBT,hto,Minica Huitoto,1985,Minica Huitoto 1985 Edition,True,7956
2794,MPXPNG,mpx,Misima-Paneati,1997,Misima-Paneati 1997 Edition,True,7956
2796,ZAWMVR,zaw,Mitla Zapotec,2006,Mitla Zapotec 2006 Edition,True,7956
2798,ZPMTBL,zpm,Mixtepec Zapotec,1998,The New Testament in Mixtepec Zapotec,True,0
2799,SOYSIM,soy,Miyobe,2011,Miyobe 2011 Edition,True,0
2800,MFQABT,mfq,Moba,2007,Moba Lok 2007 Edition,True,7942
2802,OLDBST,old,Mochi,1998,Mochi 1998 Edition,True,7958
2822,MIFWBT,mif,Mofu-Gudur,2007,Mofu-Gudur 2007 Edition,True,7907
2829,MKLSIM,mkl,Mokole,2006,Mokole 2006 Edition,True,7904
2832,MOXFSA,mox,Molima,,2010 Edition,True,0
2833,LOLDRC,lol,Mongo-Nkundu,1987,The New Testament in Lomongo,True,0
2840,MOGLAI,mog,Mongondow,2006,"Today's Mongondow Version, 2006",True,7904
2844,MOPWBT,mop,Mopán Maya,2004,Mopán Maya 2004 Edition,True,7904
2846,MFEBSM,mfe,Morisyen,2009,Morisyen 2009 Edition,True,0
2847,MORBSS,mor,Moro,1965,The Old Moro Version,True,7957
2849,ARYMBS,ary,Moroccan Spoken Arabic,2012,Moroccan Standard Translation,True,0
2851,MQNLAI,mqn,Moronene,2018,2013 Edition,True,0
2852,MGDBSS,mgd,Moru,1996,The New Testament in Moru,True,0
2853,MTJTBL,mtj,Moskona,2001,Moskona 2001 Edition,True,7953
2856,MEUPNG,meu,Motu,1973,The Holy Bible in Motu,True,31099
2857,KPXTBL,kpx,Mountain Koiali,1981,The New Testament in Koiali,True,7945
2859,CMRWBT,cmr,Mro Chin,2015,The New Testament in Mro-Khimi Chin,True,7955
2860,AOJWBT,aoj,Mufian,1998,Mufian 1998 Edition,True,0
2861,BMRWBT,bmr,Muinane,2009,Muinane 2009 Edition,True,7950
2863,MZMWBT,mzm,Mumuye,1994,Mumuye 1994 Edition,True,7947
2864,MNBTBL,mnb,Muna,2004,Muna 2004 Edition,True,7957
2865,MUAABC,mua,Mundang,2008,The New Testament in Moundang,True,0
2867,MNFCAB,mnf,Mundani,2006,Mundani 2006 Edition,True,7958
2871,MURTBL,mur,Murle,1996,Murle 1996 Edition,True,7828
2874,HUUTBL,huu,Murui Huitoto,1978,Murui Huitoto 1978 Edition,True,7931
2881,MUYWBT,muy,Muyang,2013,Muyang 2013 Edition,True,7958
2882,MYWPNG,myw,Muyuw,1993,Muyuw 1993 Edition,True,7757
2883,SURIBS,sur,Mwaghavul,2006,Mwaghavul 2006 Edition,True,7959
2884,MOAWBT,moa,Mwan,2006,The New Testament in Mwan,True,7956
2885,WMWWYI,wmw,Mwani,2013,Mwani WBT Version,True,7944
2888,TNRNTM,tnr,Budik,2015,Bedik - Münik New Testament,True,7920
2889,MIQSBN,miq,Mískito,1998,Miskito 1998 Edition,True,7956
2890,MWQBSM,mwq,Mün Chin,2009,Mün Chin Common Language Version,True,7930
2891,MUHWBT,muh,Mündü,2005,Mündü 2005 Edition,True,7482
2892,NASPNG,nas,Naasioi,1994,Naasioi 1994 Edition,True,7951
2894,NAFWBT,naf,Nabak,,1988 Edition,True,7897
2896,NFRIBS,nfr,Nafaanra,1983,Nafaanra 1983 Edition,True,7930
2898,NAKTBL,nak,Nakanai,1983,Nakanai 1983 Edition,True,7954
2899,NLCLAI,nlc,Nalca,2000,Nalca New Testament (2000 Version),True,0
2901,NVMWBT,nvm,Namiae,2004,Namiae 2004 Edition,True,7882
2903,NNBBSU,nnb,Nande,1980,Nande 1980 Edition,True,7958
2906,QVOVAA,qvo,Napo Lowland Quechua,1988,Napo Lowland Quechua 1988 Edition,True,7875
2907,NPYLAI,npy,Napu,2000,"Today's Napu Version, 2000",True,7797
2910,NTMWBT,ntm,Nateni,2018,WBT Version,True,7952
2912,NAVABS,nav,Navajo,1985,Navajo 1985 Edition,True,0
2915,NMZWSB,nmz,Nawdm,2013,Nawdm 2013 Edition,True,7951
2916,NAWWBT,naw,Nawuri,2012,2012 Edition,True,7959
2918,NDJPBT,ndj,Ndamba,,PBT Version,True,0
2920,NDCBSZ,ndc,Ndau,1997,Ndau 1999 Edition,True,0
2922,NDZWBT,ndz,Ndogo,2001,Ndogo 2001 Edition,True,7938
2925,NSNWBT,nsn,Nehan,2011,Nehan 2011 Edition,True,7952
2934,NEWNBS,new,Newar,1986,The New Testament in Newari,True,0
2935,NEWNCL,new,Newar,2015,Newar Christian Literature New Testament,True,7955
2940,NIJLAI,nij,Ngaju,2005,"Today's Dayak Ngaju Version, 2005",True,7945
2943,GNGWYI,gng,Ngangam,2011,Ngangam 2011 Edition,True,0
2944,CNWBSM,cnw,Ngawn Chin,2006,The Ngawn New Testament,True,0
2949,NNQPBT,nnq,Ngindo,2014,The New Testament in Ngindo,True,0
2951,NIYWYI,niy,Ngiti,2015,The Bible in Ngiti,True,0
2954,NGPPBT,ngp,Ngulu,,PBT Version,True,0
2955,GYMWBT,gym,Ngäbere,2004,Ingabere 2004 Edition,True,7804
2956,NIAIBS,nia,Nias,2006,"Nias Today's Nias Version, 2006",True,7912
2958,MZKTBL,mzk,Nigeria Mambila,1977,The New Testament in Mambila for Nigeria,True,7952
2961,PCMTSC,pcm,Nigerian Pidgin,2012,Nigerian Pidgin 2012 Edition,True,0
2964,NIIWBT,nii,Nii,,1980 Edition,True,7933
2965,NIMBST,nim,Nilamba,2009,Nilamba 2009 Edition,True,7957
2970,CAGSBP,cag,Nivaclé,2013,1995 Edition,True,0
2972,NKOWBT,nko,Nkonya,2009,The New Testament in Nkonya,True,7956
2974,GAWWBT,gaw,Nobonob,1990,Nobonob 1990 Edition,True,7946
2976,NOGIBT,nog,Nogai,2011,The New Testament in Nogai,True,7936
2977,LEMWBT,lem,Nomaande,2008,Nomaande 2008 Edition,True,0
2980,NHUWBT,nhu,Noone,2011,Noone 2011 Edition,True,7950
2981,CYAAVV,cya,Nopala Chatino,2000,Nopala Chatino 2000 Edition,True,0
2987,QULSBB,qul,North Bolivian Quechua,1985,North Bolivian Quechua 2006 Edition,True,7944
2990,QVNLLB,qvn,North Junín Quechua,1997,North Junin Quechua 1997 Edition,True,7949
2993,AYPABT,ayp,North Mesopotamian Spoken Arabic,,ABT Version,True,7958
2995,MFKABC,mfk,North Mofu,1975,Mofu 1975 Version,True,7956
2997,NDEBSZ,nde,Ndebele,1978,The New Testament in Ndebele,True,0
3004,TNNWBT,tnn,North Tanna,,2007 Edition,True,0
3005,DIPBSS,dip,Northeastern Dinka,2009,Northeastern Dinka 2009 Edition,True,0
3006,BBOBSB,bbo,Northern Bobo Madaré,1981,Northern Bobo Madaré 1981 Edition,True,7956
3007,BBOBSM,bbo,Northern Bobo Madaré,2017,2017 Edition,True,0
3008,QXNWBT,qxn,Northern Conchucos Ancash Quechua,2006,Northern Conchucos Ancash Quechua 2006 Edition,True,7947
3009,DGIABB,dgi,Northern Dagara,2004,Northern Dagara 2004 Edition,True,7952
3012,EMPWYI,emp,Northern Emberá,2011,The New Testament in Northern Emberá,True,7752
3014,GBOLBT,gbo,Northern Grebo,1989,Northern Grebo 1989 Edition,True,0
3017,KXMTBS,kxm,Northern Khmer,2003,Northern Khmer 2003 Edition,True,7938
3025,NGBDRC,ngb,Northern Ngbandi,1987,Ngbandi Bible 1987 Edition,True,0
3027,NHYTBL,nhy,Northern Oaxaca Nahuatl,2006,Northern Oaxaca Nahuatl 2006 Edition,True,7952
3029,PAONAB,pao,Northern Paiute,1985,Northern Paiute 1985 Edition,True,0
3032,QVZWBT,qvz,Northern Pastaza Quichua,1992,Northern Pastaza Quichua 1992 Edition,True,7813
3033,NCJTBL,ncj,Northern Puebla Nahuatl,1979,Northern Puebla Nahuatl 1979 Edition,True,0
3035,NTPTBL,ntp,Northern Tepehuan,1981,Northern Tepehuan 1981 Edition,True,7763
3036,NODWBT,nod,Northern Thai,2015,Northern Thai New Testament,True,0
3038,XTNTBL,xtn,Northern Tlaxiaco Mixtec,2015,2015 - Selections,True,0
3042,ESKWBT,esk,Northwest Alaska Inupiatun,1997,Northwest Alaska Inupiatun 1997 Edition,True,7928
3047,OJBCBS,ojb,Northwestern Ojibwa,,2008 Edition (Syllabic),True,0
3051,NORNBS,nor,Norwegian,1930,1930 Det Norsk Bibelselskap,True,31169
3052,NORNBV,nor,Norwegian,,Norsk Bibel AS 2016,True,31167
3060,BUDIBS,bud,Ntcham,2008,Ntcham 2008 Edition,True,7957
3061,NUSBSS,nus,Nuer,1999,Nuer 1999 Edition,True,0
3066,NUPBSN,nup,Nupe-Nupe-Tako,1989,The New Testament in Nupe,True,0
3067,NWBWBT,nwb,Nyabwa,1991,Nyabwa 1991 Edition,True,7920
3068,NYYBST,nyy,Nyakyusa-Ngonde,1995,Nyakyusa-Ngonde 1995 Edition,True,0
3071,NYMBST,nym,Nyamwezi,1951,1951 Edition,True,0
3075,NYADPI,nya,Nyanja,2014,2014 Edition,True,0
3078,NYNBSU,nyn,Nyankore,1989,Nyankole 1989 Edition,True,7956
3079,RIMBST,rim,Nyaturu,2010,Nyaturu 2010 Edition,True,7957
3081,LIDWBT,lid,Nyindrou,1987,The New Testament in Nyndrou,True,7899
3083,NYOBSU,nyo,Nyoro,2008,Nyoro 2008 Edition,True,0
3087,OBOWBT,obo,Obo Manobo,2011,"The New Testament in Manobo, Obo",True,7958
3088,ANNWBT,ann,Obolo,1991,Obolo 1991 Edition,True,0
3090,MIETBL,mie,Ocotepec Mixtec,1977,Ocotepec Mixtec 1977 Edition,True,0
3092,ZACSIM,zac,Ocotlán Zapotec,1983,Ocotlan Zapotec 1983 Edition,True,0
3099,CHJBSM,chj,Ojitlán Chinantec,2015,Chinanteco Ojitlan New Testament,True,0
3100,OPMTBL,opm,Oksapmin,1992,Oksapmin 1992 Edition,True,7949
3102,OKUWYI,oku,Oku,,2012 Edition,True,7959
3105,ONGWBT,ong,Olo,,1997 Edition,True,0
3113,ORYWTC,ori,Oriya,2006,Oriya: Easy to Read Version,True,7944
3115,OKVWBT,okv,Orokaiva,1988,Orokaiva 1988 Edition,True,7924
3116,URYAOV,ury,Orya,2017,Orya Bible,True,7763
3119,OSSIBT,oss,Osetin,2004,2004 Edition,True,7955
3120,OTDLAI,otd,Dohoi,1998,Ot Danum 1998 Edition,True,7905
3122,STNBSP,stn,Owa,2005,Owa BSSP Edition,True,7954
3123,ZAOTBL,zao,Ozolotepec Zapotec,2007,Ozolotepec Zapotec 2007 Edition,True,0
3124,CHZWBT,chz,Ozumacín Chinantec,2003,Ozumacín Chinantec 2003 Edition,True,7958
3127,SIGWBT,sig,Paasaal,2001,Paasaal 2001 Edition,True,7954
3129,APFCMU,apf,Pahanan Agta,2016,The CMU New Testament,True,0
3131,PCKBIV,pck,Paite Chin,,2004 Edition,True,0
3133,CPATBL,cpa,Palantla Chinantec,1973,Palantla Chinantec 1973 Edition,True,0
3138,PMFNTM,pmf,Pamona,2011,Pamona New Tribes Mission Version,True,7812
3139,PAMPBS,pam,Pampangan,1994,Pampanga 1994 Popular Version,True,7946
3141,QXHWBT,qxh,Panao Huánuco Quechua,2009,Panao Huánuco Quechua 2009 Edition,True,7945
3143,PAGPBS,pag,Pangasinan,1983,Pangasinan 1983 Popular Version,True,7940
3146,PANWTC,pan,Eastern Panjabi,2006,Panjabi Easy to Read Bible,True,7940
3147,TOPTBL,top,Papantla Totonac,,1985 Edition,True,7953
3152,PAPTBL,pap,Papiamentu,,1975 Edition,True,0
3153,GUGGGG,gug,Paraguayan Guarani,2006,,True,0
3156,PRFWBT,prf,Paranan,2012,Paranan 2012 Edition,True,7958
3157,PRKBSM,prk,Parauk,2012,Parauk 2012 Edition,True,31103
3159,PABTBL,pab,Parecís,2012,The New Testament in Parecis,True,7955
3160,PBIWYI,pbi,Parkwa,1992,Parkwa 1992 Edition,True,7952
3161,PBCBSS,pbc,Patamona,2011,Patamona 2011 Edition,True,7942
3162,PTPWBT,ptp,Patep,1986,Patep 1986 Edition,True,7958
3163,GFKTBL,gfk,Patpatar,1997,The New Testament in Patpatar,True,0
3170,ATAPNG,ata,Pele-Ata,2009,Pele-Ata 2009 Edition,True,7950
3172,MILTBL,mil,Peñoles Mixtec,2002,Mixtec Penoles 2002 Edition,True,7955
3175,CPUWBT,cpu,Pichis Ashéninka,2008,New Testament in Asheninka Pichis,True,0
3176,PISWBT,pis,Pijin,2008,Solomon Islands 2007 Edition,True,7920
3179,MIOWBT,mio,Pinotepa Nacional Mixtec,2013,Pinotepa Nacional Mixtec 2013 Edition,True,7954
3181,PNYCAB,pny,Pinyin,,2017 Edition,True,7959
3184,PIRWBT,pir,Piratapuyo,1990,Piratapuyo 1990 Edition,True,0
3185,TPPTBL,tpp,Pisaflores Tepehua,2005,Pisaflores Tepehua WBT Version,True,7958
3186,PJTBSA,pjt,Pitjantjatjara,2002,2002 Edition,True,7507
3191,KTJWBT,ktj,Plapo Krumen,2003,The New Testament in Plapo,True,0
3203,PKBBTL,pkb,Upper Pokomo,2004,Pokomo 2004 Edition,True,7899
3210,POLNCV,pol,Polish,2011,Polish New Covenant Translation,True,7955
3211,POLPBG,pol,Polish,1632,Polish 1632 Polish Biblia Gdanska,True,31073
3218,POHBSG,poh,Eastern Pokomchí,2009,Poqomchi' 2009 Edition,True,7958
3219,POHPOC,poh,Eastern Pokomchí,2018,Catholic Version,True,0
3222,PORACF,por,Portuguese,,Almeida Corrigida Fiel,True,31106
3223,PORARA,por,Portuguese,1993,Almeida Revised and Updated,True,0
3224,PORARC,por,Portuguese,1898,King James Version (Portugal),True,0
3234,PORJFA,por,Portuguese,2001,Revised King James Version (Brazil),True,0
3236,PORNLH,por,Portuguese,2016,Nova Tradução na Linguagem de Hoje (Edson Tauhyl),True,0
3242,PORWTC,por,Portuguese,,2014 Edition,True,7954
3247,KVJABC,kvj,Psikye,1988,Kapsiki Bible with Deuterocanon,True,0
3250,FUFPBT,fuf,Pular,2011,Pular 2011 Edition,True,7957
3253,PWWTBS,pww,Pwo Northern Karen,2002,Pwo Northern Karen Bible Society Version,True,7936
3256,LMEABT,lme,Pévé,1985,Peve 1985 Edition,True,7957
3258,KJBSBG,kjb,Eastern Kanjobal,1989,Q'anjob'al 1989 Edition,True,7910
3260,OTQTBL,otq,Querétaro Otomi,2003,Queretaro Otomi 2003 Edition,True,0
3261,PXMBSM,pxm,Quetzaltepec Mixe,2012,Mixe Quezaltepec Bible,True,31008
3262,ZTQTBL,ztq,Quioquitani-Quierí Zapotec,2000,Quioquitani-Quierí­ Zapotec 2000 Edition,True,0
3265,RJSMTS,rjs,Rajbanshi,2009,2009 Edition,True,7955
3266,RAITBL,rai,Ramoaaina,2006,Ramoaaina 2006 Edition,True,7952
3268,RNLBIV,rnl,Ranglong,,2002 Edition,True,7957
3270,RAPWBT,rap,Rapa Nui,,WBT Version,True,0
3273,RWOWBT,rwo,Rawa,1992,The New Testament in Rawa,True,7922
3276,RELBTL,rel,Rendille,2018,2018 Edition,True,7942
3279,ZARTBL,zar,Rincón Zapotec,1971,Rincon Zapotec 1971 Edition,True,0
3282,RONBSR,ron,Romanian,2009,Romanian Interconfessional New Testament,True,7945
3284,RONWTC,ron,Romanian,2006,Romanian Easy to Read,True,7959
3287,ROLTBL,rol,Romblomanon,2017,TBL Version,True,0
3290,ROOWBT,roo,Rotokas,1982,Rotokas 1982 Edition,True,7949
3293,RUGWBT,rug,Roviana,2016,Roviana 2017 Edition,True,30643
3294,PCEHMJ,pce,Pale Palaung,2012,2012 Edition,True,0
3298,RUNBSB,run,Rundi,2007,Rundi 2007 Edition,True,7957
3300,BXRIBT,bxr,Russia Buriat,2010,Russia Buriat IBT New Testament,True,7827
3306,RUSIBS,rus,Russian,2013,Russian Central Asian Russian Version,True,0
3311,RUSS76,rus,Russian,1876,Russian 1876 Synodal Bible,True,31102
3315,RUSWTC,rus,Russian,,2014 Edition,True,0
3323,LSMBSU,lsm,Saamia,2010,Saamia 2010 Edition,True,7957
3324,SPYWBT,spy,Sabaot,1997,Sabaot 1997 Edition,True,7937
3325,HVNLAI,hvn,Sabu,2000,Sabu 2000 Edition,True,7946
3328,SCKIEM,sck,Sadri,,IEM Version,True,0
3329,APZWBT,apz,Safeyoka,1988,Safeyoka 1988 Edition,True,0
3333,QXLQSV,qxl,Salasaca Highland Quichua,2016,Salaska Highland Quichua Version,True,0
3336,SLLTBL,sll,Salt-Yui,1978,Salt-Yui 1978 Edition,True,7940
3337,LOELAI,loe,Coastal Saluan,,2002 Edition,True,7946
3342,XSBWYI,xsb,Tinà Sambal,,1999 Edition,True,7958
3343,SSXPNG,ssx,Samberigi,1991,Samberigi 1991 Edition,True,0
3344,SMOBSP,smo,Samoan,2010,Samoan BSSP Version,True,0
3346,CUKNVS,cuk,San Blas Kuna,1995,The Bible in San Blas Kuna,True,7958
3349,MAASJV,maa,San Jerónimo Tecóatl Mazatec,2012,San Jerónimo Tecuanipan Mazatec 2012 (San Jeronimo),True,7959
3358,TRQTBL,trq,San Martín Itunyoso Triqui,2009,Triqui New Testament (2009),True,0
3360,QVSTBL,qvs,San Martín Quechua,1992,San Marti­n Quechua 1992 Edition,True,7883
3361,HUVTBL,huv,San Mateo del Mar Huave,1996,San Mateo Del Mar Huave 1988 Edition,True,7958
3363,AZGTBL,azg,San Pedro Amuzgos Amuzgo,1992,San Pedro Amuzgos Amuzgo 1992 Edition,True,7957
3368,SPNBLA,spn,Sanapaná,,La Biblia de las Americas,True,0
3369,SPNDLH,spn,Sanapaná,,Nueva Biblia Latinoamericana de Hoy,True,0
3370,SPNLBV,spn,Sanapaná,,2006 Edition,True,7940
3371,SPNLPS,spn,Sanapaná,,La Palabra - Spain,True,0
3372,SPNR02,spn,Sanapaná,,,True,31102
3373,SPNSEV,spn,Sanapaná,,,True,31102
3374,SXNLAI,sxn,Sangir,2003,Sangir 2003 Edition,True,7903
3375,SAGCAR,sag,Sango,2003,Sango 2003 Edition,True,7958
3377,SNYWBT,sny,Saniyo-Hiyewe,2004,Saniyo-Hiyewe 2004 Edition,True,7876
3380,ZPIWYI,zpi,Santa María Quiegolani Zapotec,2010,Santa Mari­a Quiegolani Zapotec 2010 Edition,True,7953
3382,MZAWBT,mza,Santa María Zacatepec Mixtec,2015,Zacatepec Mixtec New Testament,True,7958
3383,COKWBT,cok,Santa Teresa Cora,2005,Santa Teresa Cora WBT Edition,True,0
3387,ZASWYI,zas,Santo Domingo Albarradas Zapotec,2010,Santo Domingo Albarradas Zapotec 2010 Edition,True,7948
3388,XSUMEV,xsu,Sanumá,2007,Sanumἀ 2007 Edition,True,0
3389,SPSWBT,sps,Saposa,2001,The New Testament in Saposa,True,0
3392,SRMWBT,srm,Saramaccan,1998,Saramaccan 1998 Edition,True,0
3394,BPSWPS,bps,Sarangani Blaan,1998,Sarangani Blaan 1998 Edition,True,7927
3396,SASLAI,sas,Sasak,2007,"Sasak Today's Sasak Version, 2007",True,7909
3406,SGWBSE,sgw,Sebat Bet Gurage,1982,Sebat Bet Gurage 1982 Edition,True,7955
3407,SEYWBT,sey,Secoya,2012,The New Testament in Secoya,True,0
3408,TVWLAI,tvw,Sedoa,2018,LAI Version,True,0
3410,SSGWBT,ssg,Seimat,2012,Seimat 2012 Edition,True,7959
3411,LIPWBT,lip,Sekpele,2008,Sekpele 2008 Edition,True,7955
3412,SNWWBT,snw,Selee,2009,Selee WBT Version,True,7959
3413,SPLWBT,spl,Selepet,1986,Selepet 1986 Edition,True,7778
3415,SDMGFA,sdm,Semandang,,2017 Edition,True,7342
3416,SEHBSM,seh,Sena,2017,Chisena New Testament,True,0
3420,IWSWBT,iws,Sepik Iwam,1989,Sepik Iwam 1989 Edition,True,7958
3428,KSBBST,ksb,Shambala,2018,1969 Edition,True,0
3434,SHKBSS,shk,Shilluk,2013,Shilluk BSS Version,True,0
3435,SHPTBL,shp,Shipibo-Conibo,2012,Shipibo-Conibo 2012 Edition,True,7959
3441,JIVAIE,jiv,Shuar,1983,Shuar 2009 Edition,True,7947
3442,SNPWBT,snp,Siane,1991,Komongu Siane New Testament,True,7953
3444,ZAATBL,zaa,Sierra de Juárez Zapotec,1970,Sierra de Juarez Zapotec 1970 Edition,True,7951
3445,NSUWBT,nsu,Sierra Negra Nahuatl,2017,Sierra Negra Nahuatl New Testament,True,7951
3448,MKSTBL,mks,Silacayoapan Mixtec,1999,Silacayoapan Mixtec 1999 Edition,True,0
3450,SMTBIV,smt,Simte,,2010 Edition,True,7957
3451,SNCPNG,snc,Sinaugoro,1995,Sinaugoro 1995 Edition,True,7958
3456,RMORAM,rmo,Sinte Romani,2010,Sinte Romani Romanes Arbeit Marburg,True,7952
3459,SNNWBT,snn,Siona,1982,The New Testament in Siona,True,7956
3460,SRIWBT,sri,Siriano,2009,Siriano 2009 Edition,True,7957
3463,SSDWBT,ssd,Siroi,1999,Siroi 1999 Edition,True,7943
3464,SLDTBL,sld,Sissala,1999,Sissala 1999 Edition,True,7928
3466,AKPWBT,akp,Siwu,2008,Siwu 2008 Edition,True,7959
3481,CSOTBL,cso,Sochiapan Chinantec,1986,Sochiapam Chinantec 1986 Edition,True,7957
3482,XOGBSU,xog,Soga,2014,Soga BSU Version,True,0
3484,SOMSIM,som,Somali,2007,Somali 2007 Edition,True,31102
3485,BMUPNG,bmu,Burum-Mindik,2002,Somba-Siawari New Testament and Portions,True,7956
3492,AZBEMV,azb,South Azerbaijani,2009,South Azerbaijani 2009 Version,True,0
3495,QUHSBB,quh,South Bolivian Quechua,1993,South Bolivian Quechua 1993 Edition,True,0
3498,FALTBL,fal,South Fali,1975,South Fali 1975 Edition,True,7957
3508,NPLWYI,npl,"Nahuatl, Southeastern Puebla",2011,Southeastern Puebla Nahuatl WBT Version,True,0
3510,STPTBL,stp,Southeastern Tepehuan,2007,Southeastern Tepehuan 2007 Edition,True,0
3512,ALTIBT,alt,Southern Altai,2003,Southern Altai 2003 Edition,True,7950
3517,BIVWBT,biv,Southern Birifor,2006,Southern Birifor 2006 Edition,True,0
3519,BWQBFO,bwq,Southern Bobo Madaré,1981,New Testament in Bobo-fing,True,0
3520,BWQBSB,bwq,Southern Bobo Madaré,2004,Southern Bobo Madaré 2004 Edition,True,7946
3522,QXOLLB,qxo,Southern Conchucos Ancash Quechua,2002,Southern Conchucos Ancash Quechua 2002 Edition,True,7531
3523,DGABIV,dga,Southern Dagaare,,2015 Edition,True,7957
3529,KSSBSL,kss,Southern Kisi,1991,The New Testament in Southern Kisi,True,0
3531,NNWWBT,nnw,Southern Nuni,1999,Southern Nuni 1999 Edition,True,7954
3533,QUPTBL,qup,Southern Pastaza Quechua,1997,Southern Pastaza Quechua 1997 Edition,True,7728
3534,MITTBL,mit,Southern Puebla Mixtec,1978,Southern Puebla Mixtec 1978 Edition,True,7953
3538,SBDABB,sbd,Southern Samo,1995,Southern Samo 1995 Edition,True,7920
3545,GSOCAR,gso,Southwest Gbaya,2005,Southwest Gbaya 2005 Edition,True,7958
3547,NWIWBT,nwi,Southwest Tanna,2012,The New Testament in Nivhaar,True,7949
3548,DIKTBL,dik,Southwestern Dinka,2006,Southwestern Dinka 2006 Edition,True,7953
3582,SRNBSS,srn,Sranan,2002,Sranan Tongo 2002 Edition,True,7941
3587,ARBIBS,arb,Standard Arabic,2005,The Book of Life,True,0
3595,ARBWTC,arb,Standard Arabic,"2009, 2016",Easy to Read Version,True,0
3601,SWPPNG,swp,Suau,1998,Suau 1998 Edition,True,7958
3604,TGOTBL,tgo,Sudest,2014,Sudest New Testament,True,0
3606,SUEWBT,sue,Suena,2011,Suena 2011 Edition,True,7938
3609,SUKTBL,suk,Sukuma,1997,Sukuma 1997 Edition,True,7872
3613,SUNIBS,sun,Sunda,1997,Sundanese Formal Version,True,7957
3614,SUNTSV,sun,Sunda,1991,Sundanese Today's Version,True,0
3615,SUZWBT,suz,Sunwar,2011,The Bible in Sunwar,True,31104
3616,SPPTBL,spp,Supyire Senoufo,2008,Supyire Senoufo 2008 Edition,True,0
3619,SGZWBT,sgz,Sursurunga,2009,Sursurunga 2009 Edition,True,7947
3622,SUSPBT,sus,Susu,2010,The Bible in Susu,True,7957
3634,SWES17,swe,Swedish,1917,Swedish 1917 Swedish Bible,True,0
3635,SWESFB,swe,Swedish,1998,Swedish 1998 Stiftelsen Svenska Folkbibeln Version,True,31170
3636,SWESFV,swe,Swedish,2015,2015 Stiftelsen Svenska Folkbibeln,True,31153
3646,TAPWFW,tap,Taabwa,2006,The New Testament in Taabwa,True,7958
3648,TBYLAI,tby,Tabaru,2008,"Tabaru Today's Tabaru Version, 2008",True,7896
3649,CHFTBL,chf,Tabasco Chontal,1977,Tabasco Chontal 1977 Edition,True,0
3650,TABIBT,tab,Tabassaran,2010,New Testament and Old Testament Portions,True,7879
3652,KNVPNG,knv,Tabo,2006,Tabo Fly River Dialect Version,True,7949
3653,TNATBL,tna,Tacana,,2009 Edition,True,7929
3657,SHIRBD,shi,Tachelhit,1998,United Bible Society Version,True,0
3665,TGLPBS,tgl,Tagalog,1980,Tagalog New Testament,True,7946
3667,TGLTAB,tgl,Tagalog,1905,The Old Bible,True,31102
3673,BLTEPI,blt,Tai Dam,,2013 Edition,True,7943
3678,TGKIBT,tgk,Tajiki,2010,Portions of the Bible in Tajik,True,0
3681,TBCPNG,tbc,Takia,1999,Takia 1999 Edition,True,0
3682,NHOTCT,nho,Takuu,2009,The New Testament in the Takuu language,True,7955
3684,TLJWBT,tlj,Talinga-Bwisi,2017,Talinga-Bwisi New Testament,True,7959
3686,TAQWBT,taq,Tamasheq,2003,Tamasheq 2003 Edition,True,7956
3693,TPMWBT,tpm,Tampulma,1999,Tampulma 1999 Edition,True,30835
3696,TGPWBT,tgp,Tangoa,2009,The New Testament in Tangoa,True,7957
3706,TAVWBT,tav,Tatuyo,2009,Tatuyo 2009 Edition,True,7909
3709,TBOWBT,tbo,Tawala,1985,Tawala 1985 Edition,True,7952
3714,CTDBIV,ctd,Tedim Chin,2014,Zokam Standard Version,True,7957
3717,CTDZIV,ctd,Tedim Chin,,1994 Zokam International Version,True,7956
3718,TTCWBT,ttc,Tektiteko,2003,Tektiteko 2003 Edition,True,7959
3719,TLFWBT,tlf,Telefol,1988,Telefol 1988 Edition,True,7943
3727,TBTWBT,tbt,Tembo,2018,2017 Edition,True,0
3728,QUWHLE,quw,Tena Lowland Quichua,1982,Tena Lowland Quichua 1982 Revision,True,7958
3730,PAHTBL,pah,Tenharim,1996,Tenharim 1996 Edition,True,7881
3731,CNTTBL,cnt,Tepetotutla Chinantec,1994,Tepetotutla Chinantec 1994 Edition,True,7948
3734,TEDWYI,ted,Tepo Krumen,,1995 Edition,True,7935
3735,TTRIBT,ttr,Tera,,2001 Edition,True,7952
3736,TERTBL,ter,Terêna,1994,Tereno 1994 Edition,True,7958
3737,TFRWBT,tfr,Teribe,2008,Teribe 2008 Edition,True,7637
3738,TWULAI,twu,Termanu,2004,"Termanu Today's Rote Version, 2004",True,7946
3739,TEOBSU,teo,Teso,1961,Teso 1961 Edition,True,7958
3746,ZPZTBL,zpz,Texmelucan Zapotec,2004,Texmelucan Zapotec 2004 Edition,True,0
3747,MXBMVR,mxb,Tezoatlán Mixtec,2006,Mixtec de Tezoatlan 2006 Edition,True,7958
3749,THAKJV,tha,Thai,2003,Thai King James Version,True,7957
3752,THATSV,tha,Thai,2011,Thai Standard Version,True,7945
3753,THKBTL,thk,Tharaka,2002,Tharaka 2002 Edition,True,7932
3758,TCATBL,tca,Ticuna,1986,Ticuna 1986 Edition,True,7742
3762,TIKWYI,tik,Tikar,1989,Tikar 1989 Edition,True,0
3764,TIMWBT,tim,Timbe,,1987 Edition,True,7925
3765,TEMBSL,tem,Themne,2010,Temne BSSL Version,True,7957
3766,TIHBSM,tih,Timugon Murut,,2013 Edition,True,34555
3770,TPZWBT,tpz,Tinputz,2004,Tinputz 2005 Edition,True,7945
3774,TPTTBL,tpt,Tlachichilco Tepehua,2004,Tlachichilco Tepehua 2004 Edition,True,7957
3781,TOBBSA,tob,Toba,2012,Toba Qom Bible (2012),True,0
3783,TNGUBS,tng,Tobanga,1978,Tobanga New Testament,True,0
3784,TLBLAI,tlb,Tobelo,2002,Tobelo 2002 Edition,True,0
3787,TPIPNG,tpi,Tok Pisin,1989,Tok Pisin 1989 Edition,True,30362
3788,JICWBT,jic,Tol,2008,Tol 2008 Edition,True,7922
3791,TXATBL,txa,Tombonuwo,2002,Tombonuo 2002 Edition,True,7954
3794,TONBSP,ton,Tongan,,BSP Version,True,7957
3798,SDALAI,sda,Toraja-Sa'dan,2009,Toraja-Sa'dan 2009 Edition,True,7907
3799,DTSABM,dts,Toro So Dogon,1995,Toro So Dogon 1995 Edition,True,7857
3802,ALSABV,als,Tosk Albanian,,Albanian Bible Version,True,0
3804,ALSBSA,als,Tosk Albanian,,Interconfessional Version,True,7958
3814,MTOTBL,mto,Totontepec Mixe,,1990 Edition,True,7958
3816,NEBWYI,neb,Toura,2004,Toura (Côte d’Ivoire) 2004 Edition,True,7881
3817,TRNNTM,trn,Trinitario,2002,Trinitario 2002 Edition,True,0
3818,TRIUFM,tri,Trió,2014,Trio New Testament (2014),True,0
3822,CASNTM,cas,Tsimané,1997,Tsimané New Tribes Mission,True,0
3829,TSVBSG,tsv,Tsogo,2018,1983 Edition,True,0
3833,TSCBSM,tsc,Tswa,1972,1972 Edition,True,0
3843,TUOWBT,tuo,Tucano,2005,Tucano 2005 Edition (Colombia),True,7939
3845,TMCBIV,tmc,Tumak,1988,Tumak New Testament,True,7959
3847,TUWBSM,tum,Tumbuka,1987,Tumbuka Bible Mazgu ya Chiuta 2002,True,0
3848,SILGIL,sil,Tumulung Sisaala,1984,Tumulung Sisaala 1984 Edition,True,7912
3849,LCMPNG,lcm,Tungag,2011,Tungag 2011 Edition,True,7948
3851,TUIABC,tui,Tupuri,2006,Tupuri 2004 Edition,True,0
3860,TUKIBT,tuk,Turkmen,2016,Turkish Bible (2016),True,30867
3864,TYVIBT,tyv,Tuvin,2011,Tuvinian 2011 Edition,True,7951
3865,IFKTBL,ifk,Tuwali Ifugao,2004,Tuwali Ifugao 2004 Edition,True,7759
3866,BOVWBT,bov,Tuwuli,2008,Tuwuli 2008 Edition,True,7957
3867,TUEWBT,tue,Tuyuca,2004,Tuyuca 2004 Edition,True,7956
3868,KCGWBT,kcg,Tyap,2015,The New Testament in Tyap,True,7952
3871,TZJIBS,tzj,Eastern Tzutujil,,1992 Edition,True,0
3873,TZJWYI,tzj,Eastern Tzutujil,,1992 Edition,True,7905
3881,TZTIBS,tzo,Venustiano Carranza Tzotzil,1990,"Tzutujil, Western 1990 Edition",True,0
3882,TZTWBT,tzo,Venustiano Carranza Tzotzil,2008,2008 Edition,True,7906
3885,TZESBM,tze,Chenalhó Tzotzil,,1997 Edition,True,0
3887,AOZLAI,aoz,Uab Meto,2000,Uab Meto 2000 Edition,True,7953
3889,UBRTBL,ubr,Ubir,2011,Ubir New Testament and Genesis,True,7946
3890,CPBWBT,cpb,Ucayali-Yurúa Ashéninka,2012,Ucayali-Yura Ashninka New Testament,True,0
3891,UDMIBT,udm,Udmurt,2016,Udmurt New Testament,True,7955
3892,UDUSIM,udu,Uduk,2007,Uduk 2007 Edition,True,0
3895,UIGUMK,uig,Uyghur,2005,The New Testament in Modern Uyghur,True,0
3900,UKRO30,ukr,Ukrainian,1962,Ukrainian 1930 Bible,True,31103
3901,PPKLAI,ppk,Uma,1996,Uma 1996 Edition,True,7941
3902,GDNPNG,gdn,Umanakaina,1999,Umanakaina 1999 Edition,True,7933
3903,UBUAND,ubu,Umbu-Ungu,,1998 Edition,True,7738
3910,DUEWBT,due,Umiray Dumaget Agta,,WBT Version,True,7957
3918,URKTBS,urk,Urak Lawoi',1998,Urak Lawoi' 1998 Edition,True,7922
3919,URATBL,ura,Urarina,2006,Urarina 2006 Edition,True,7752
3926,URDWTC,urd,Urdu,2006,Urdu Easy-to-Read Bible,True,7900
3929,URHUBS,urh,Urhobo,1977,Urhobo New Testament,True,0
3931,UPVWBT,upv,Uripiv-Wala-Rano-Atchin,,2006 Edition,True,0
3932,URBWBT,urb,Urubú-Kaapor,2012,The New Testament in Kaapor,True,7869
3933,WNUPNG,wnu,Usan,2001,Usan 2001 Edition,True,7940
3934,USAWBT,usa,Usarufa,1980,New Testament in Usarufa,True,7950
3935,CUCTBL,cuc,Usila Chinantec,1985,Usila Chinantec 1994 Edition,True,7956
3936,USPWBT,usp,Uspanteco,1999,Uspanteco 1999 Edition,True,0
3939,VAGWBT,vag,Vagla,1977,Vagla 1977 Edition,True,7958
3940,VAIBSL,vai,Vai,2002,Vai Bible,True,0
3946,BAVWBT,bav,Vengo,1993,Vengo 1993 Edition,True,7957
3949,VIECOV,vie,Vietnamese,1924,1924 Khoi-Cadman,True,0
3951,VIELHG,vie,Vietnamese,1971,Vietnamese LHG Version,True,7954
3956,VIEVOV,vie,Vietnamese,1926,Vietnamese Old Version (1926),True,31059
3958,VIEWTC,vie,Vietnamese,2006,Vietnamese Easy to Read Bible,True,31081
3961,RMYCVV,rmy,Vlax Romani,2007,Vlax Romani Chilean Vlax Version,True,7967
3964,VUNBST,vun,Vunjo,1999,Vunjo 1999 Edition,True,7957
3967,WWAWYI,wwa,Waama,1994,Waama 1994 Edition,True,0
3968,WAJWBT,waj,Waffa,1975,Waffa 1975 Edition,True,7953
3971,RROPNG,rro,Waima,2002,Waima 2002 Edition,True,7957
3973,BAOWBT,bao,Waimaha,,2010 Edition,True,7940
3974,WAWUFM,waw,Waiwai,2001,UaiUai New Testament,True,0
3977,WLXBIV,wlx,Wali,2009,Wali (Ghana) New Testament,True,31102
3979,COUWBT,cou,Wamey,2018,WBT Version,True,0
3982,MFIWYI,mfi,Wandala,1988,Wandala 1988 Edition,True,0
3983,WNCPNG,wnc,Wantoat,2001,Wantoat 2001 Edition,True,7934
3986,WAPWYI,wap,Wapishana,,2012 Edition,True,7949
3987,WBABIV,wba,Warao,2004,Warao 2004 Edition,True,0
3989,WARSPV,war,Waray-Waray,1984,Waray (Philippines) 1984 Popular Version,True,7918
3990,WRSPNG,wrs,Waris,2002,New Testament in Waris,True,0
3993,WSKPNG,wsk,Waskia,2014,Waskia 2011 Edition,True,7956
3995,WAYWTV,way,Wayana,1979,Wayana 1979 Edition,True,7957
3996,GUCTBL,guc,Wayuu,2002,Wayuu 2002 Edition,True,7621
4008,WERWBT,wer,Weri,1984,Weri 1984 Edition,True,7951
4011,KEWPNG,kew,West Kewa,2004,West Kewa 2004 Edition,True,7958
4018,GNWNTM,gnw,Western Bolivian Guaraní,1984,Western Bolivian Guarani New Testament (1984),True,7945
4021,MBBWPS,mbb,Western Bukidnon Manobo,2001,Western Bukidnon Manobo New Testament,True,30206
4024,CTPTBL,ctp,Western Highland Chatino,,1992 Edition,True,0
4026,NHWTBL,nhw,Western Huasteca Nahuatl,2005,Western Huasteca Nahuatl 2005 Edition,True,7952
4027,KNJAEM,knj,Western Kanjobal,2016,Western Kanjobal 2016 Edition,True,30871
4028,KNJSBI,knj,Western Kanjobal,2001,Western Kanjobal 2001 Edition,True,7922
4030,KYUBSM,kyu,Western Kayah,,2009 Edition,True,7959
4032,KRWBSL,krw,Western Krahn,1999,Krahn: Western First New Testament,True,0
4034,FUHSIM,fuh,Western Niger Fulfulde,2012,New Testament in Fulfulde Birkina,True,0
4042,TWBOMF,twb,Western Tawbuid,2016,Western Tawbuid New Testament,True,7958
4043,ZABTBL,zab,San Juan Guelavía Zapotec,1995,San Juan Guelavia Zapotec 1995 Edition,True,0
4047,MTPKCV,mtp,Wichí Lhamtés Nocten,2010,Kenneth Claesson Version,True,7958
4049,GDRPNG,gdr,Wipi,2001,Wipi 2001 Edition,True,7956
4051,WIUWBT,wiu,Wiru,,1992 Edition,True,7950
4052,WALSIM,wal,Wolaytta,2004,Wolaytta 2004 Edition (Latin),True,30709
4059,NOAWBT,noa,Woun Meu,2011,New Testament in Wounaan,True,7957
4068,WUVWBT,wuv,Wuvulu-Aua,2004,Wuvulu-Aua 2004 Edition,True,7941
4069,WOBWBT,wob,Wè Northern,2010,We Northern 2010 Edition,True,7928
4070,KAOABM,kao,Xaasongaxango,2006,Xaasongaxango 2006 Edition,True,7946
4072,XAVTBL,xav,Xavánte,2004,The New Testament in Xavante,True,7428
4079,YADTBL,yad,Yagua,1994,The New Testament in Yagua,True,7870
4084,YBABSN,yba,Yala,1979,Yala Bible,True,0
4085,YALPBT,yal,Yalunka,2008,Yalunka 2008 Edition,True,7955
4086,ZPUTBL,zpu,Yalálag Zapotec,2000,Yalalag Zapotec 2000 Edition,True,7958
4087,YAMWBT,yam,Yamba,1992,Yamba 1992 Edition,True,0
4088,YATCAB,yat,Yambeta,2016,Version: Nɛsɔ́g nɛ́ Nɛwa,True,7935
4089,YAATBL,yaa,Yaminahua,2003,The New Testament in Yaminahua,True,7918
4090,AMETBL,ame,Yanesha',2008,Yanesha' 2014 Edition,True,0
4091,GUUMJR,guu,Yanomamö,2008,Yanomamö New Testament,True,0
4092,YAOBSM,yao,Yao,2013,Yao 2008 Edition,True,0
4093,YRESCB,yre,Yaouré,,1999 Edition,True,7955
4096,YAQTBL,yaq,Yaqui,2003,Yaqui New Testament (2003),True,0
4098,YRBTBL,yrb,Yareba,1987,Yareba 1987 Edition,True,7875
4099,ZAEWBT,zae,Yareni Zapotec,2011,Yareni Zapotec WBT Version,True,7956
4100,ZTYTBL,zty,Yatee Zapotec,2002,Yatee Zapotec 2002 Edition,True,0
4102,YUWPNG,yuw,Yau,1997,Yau (Morobe Province) 1997 Edition,True,7953
4104,YVATBL,yva,Yawa,2011,Yawa 2011 Edition,True,7950
4105,YBYWBT,yby,Yaweyuha,1982,Yaweyuha WBT Version,True,7884
4107,YLEWBT,yle,Yele,,1998 Edition,True,0
4109,YSSYYV,yss,Yessan-Mayo,2004,Yessan-Mayo 2004 Edition,True,7955
4110,YS1YWV,yss,Yessan-Mayo,1996,1996 Edition,True,0
4112,PIBWBT,pib,Yine,2008,The New Testament in Yine,True,7958
4115,ZYBNBP,zyb,Yongbei Zhuang,2016,Yongbei Zhuang 2016 Edition,True,0
4116,YONPNG,yon,Yonggom,2003,Yonggom 2003 Edition,True,7954
4117,YUTWBT,yut,Yopno,2010,Yopno 2010 Edition,True,7946
4119,YORBSN,yor,Yoruba,2004,The Bible in Yoruba (2004),True,0
4124,MPMTBL,mpm,Yosondúa Mixtec,2010,"Mixtec, Yosondúa 2010 Edition",True,7951
4125,YUASBM,yua,Yucatán Maya,1992,Maya 1992 Edition,True,0
4126,YCNWBT,ycn,Yucuna,1982,Yucuna WBT Version,True,7948
4133,YUHSBV,yue,Yue Chinese,1999,Studium Biblicum Version,True,0
4135,YUZNTM,yuz,Yuracare,2000,Yuracare 2000 Edition,True,0
4138,NHIWBT,nhi,Tenango Nahuatl,2012,Nahuatl Zacatlán-Aztec New Testament,True,7959
4139,ATBBSM,atb,Zaiwa,,2009 Edition,True,7959
4149,ZIWPBT,ziw,Zigula,,PBT Version,True,0
4152,ZPQTBL,zpq,Zoogocho Zapotec,1987,The New Testament in Zoogocho Zapotec,True,7953
4153,CZTBIV,czt,Zotung Chin,2012,Zotung Chin Bibles International Version,True,0
4156,GNDWYI,gnd,Zulgo-Gemzek,1988,Zulgo-Gemzek 1988 Edition,True,0
4162,ZYPWBT,zyp,Zyphe,2010,"New Testament in Chin, Zyphe",True,7954
4164,AOMWBT,aom,Ömie,1991,Ömie 1991 Edition,True,7940
